date,game_id,matchup,result,action,side,line,price,pred_total,edge,confidence,kelly_pct,model_prob,market_prob,fair_prob,ev_novig,consensus_total,line_diff_vs_consensus,best_book,bet_month,calibration_multiplier,market_velocity,referee_info,referee_avg_goals,referee_home_bias,closing_total,closing_price,closing_source,clv_vs_closing
2025-10-07 10:24:08,2025020001,CHI@FLA,LOSS,,OVER,5.5,-111.0,5.798512266823068,0.2985122668230682,0.7880375918606737,5.0,,,,-0.0254041570438798,5.5,0.0,,,,,,,,,,,
2025-10-07 11:04:52,2025020001,CHI@FLA,LOSS,,OVER,5.5,-111.0,5.884255829103754,0.3842558291037541,0.8011616064954726,5.0,,,,-0.0254041570438798,5.5,0.0,,,,,,,,,,,
2025-10-07 12:07:26,2025020001,CHI@FLA,LOSS,,OVER,5.5,-106.0,6.429294868690597,0.9292948686905972,0.8845859492893772,5.0,,,,-0.0143540669856459,5.5,0.0,,,,,,,,,,,
2025-10-07 12:07:26,2025020002,PIT@NYR,WIN,,UNDER,6.0,-105.0,4.4499368143826326,-1.5500631856173674,0.8014314096496129,5.0,,,,0.0117508813160986,6.0,0.0,,,,,,,,,,,
2025-10-07 12:52:31,2025020003,COL@LAK,LOSS,,OVER,5.5,100.0,5.980243296672253,0.4802432966722527,0.8158535658171815,5.0,,,,0.0267639902676399,5.5,0.0,,,,,,,,,,,
2025-10-07 14:46:54,2025020003,COL@LAK,WIN,,UNDER,7.5,-110.0,5.559693356754762,-1.940306643245238,0.835265682830182,5.0,,,,-0.0454545454545454,7.5,0.0,,,,,,,,,,,
2025-10-07 14:50:14,2025020003,COL@LAK,WIN,,UNDER,6.5,-110.0,5.622769499636608,-0.8772305003633925,0.6503595273643644,5.0,,,,-0.0454545454545454,6.5,0.0,,,,,,,,,,,
2025-10-07 15:47:06,2025020003,COL@LAK,LOSS,,OVER,5.5,100.0,5.92205313691524,0.42205313691524,0.7892683372829449,5.0,,,,0.0314769975786926,5.5,0.0,,,,,,,,,,,
2025-10-07 16:42:04,2025020001,CHI@FLA,LOSS,,OVER,5.5,-115.0,6.574228835390788,1.0742288353907885,0.8918921686822635,5.0,,,,-0.0244661921708185,5.5,0.0,,,,,,,,,,,
2025-10-07 16:42:04,2025020002,PIT@NYR,WIN,,UNDER,6.0,-103.0,4.174447880064132,-1.8255521199358684,0.8737636057372972,5.0,,,,0.0259789334466959,6.0,0.0,,,,,,,,,,,
2025-10-07 16:42:04,2025020003,COL@LAK,LOSS,,OVER,5.5,-104.0,6.011391255445108,0.5113912554451083,0.802942539098741,5.0,,,,0.0211505922165821,5.5,0.0,,,,,,,,,,,
2025-10-07 19:42:22,2025020002,PIT@NYR,WIN,,UNDER,6.0,100.0,4.275232689599332,-1.7247673104006678,0.7723238985883336,5.0,,,,0.0338164251207728,6.0,0.0,,,,,,,,,,,
2025-10-07 19:42:22,2025020003,COL@LAK,LOSS,,OVER,5.75,-104.0,8.480628546843729,2.730628546843729,0.95,5.0,,,,0.0211505922165821,5.75,0.0,,,,,,,,,,,
2025-10-07 20:23:29,2025020002,PIT@NYR,WIN,,UNDER,5.5,101.0,4.996337039156372,-0.503662960843628,0.6000190628691611,5.0,,,,-0.0024568817257135,5.5,0.0,,,,,,,,,,,
2025-10-07 20:56:22,2025020001,CHI@FLA,LOSS,,OVER,6.0,-110.0,6.483090665685733,0.483090665685733,0.821411836584551,5.0,,,,-0.0454545454545454,6.0,0.0,,,,,,,,,,,
2025-10-08 08:29:01,2025020005,BOS@WSH,LOSS,,OVER,5.5,-108.0,6.317218991422476,0.8172189914224761,0.8543447435850727,5.0,,,,-0.0259296853372705,5.5,0.0,,,,,,,,,,,
2025-10-08 08:36:42,2025020004,MTL@TOR,WIN,,UNDER,7.5,-110.0,5.140419643468066,-2.359580356531934,0.93,5.0,,,,-0.0454545454545454,7.5,0.0,,,,,,,,,,,
2025-10-08 08:36:42,2025020006,CGY@EDM,LOSS,,UNDER,6.0,116.0,5.871661054948459,-0.1283389450515413,0.6196413419629906,5.0,,,,0.0749767441860465,6.0,0.0,,,,,,,,,,,
2025-10-08 08:36:42,2025020007,LAK@VGK,LOSS,,UNDER,6.0,114.0,5.38785207807721,-0.6121479219227899,0.630781993112307,5.0,,,,0.0209448452408655,6.0,0.0,,,,,,,,,,,
2025-10-08 08:55:24,2025020006,CGY@EDM,WIN,,OVER,6.0,114.0,6.571645860214694,0.5716458602146943,0.7908335500328614,5.0,,,,0.0749767441860465,6.0,0.0,,,,,,,,,,,
2025-10-08 08:59:23,2025020004,MTL@TOR,LOSS,,UNDER,6.5,-110.0,5.241874827755167,-1.2581251722448332,0.7745478194477696,5.0,,,,-0.0454545454545454,6.5,0.0,,,,,,,,,,,
2025-10-08 08:59:23,2025020005,BOS@WSH,LOSS,,OVER,5.5,-108.0,6.138649976422434,0.6386499764224336,0.8270127514932296,5.0,,,,-0.0259296853372705,5.5,0.0,,,,,,,,,,,
2025-10-08 08:59:23,2025020007,LAK@VGK,LOSS,,UNDER,6.0,114.0,5.579211814388847,-0.420788185611153,0.7302617920016402,5.0,,,,0.0209448452408655,6.0,0.0,,,,,,,,,,,
2025-10-08 09:03:22,2025020007,LAK@VGK,LOSS,,UNDER,6.0,114.0,5.90840578073721,-0.0915942192627898,0.6790669145974692,5.0,,,,0.0209448452408655,6.0,0.0,,,,,,,,,,,
2025-10-08 09:19:05,2025020005,BOS@WSH,LOSS,,OVER,5.5,-108.0,6.148396613286839,0.6483966132868391,0.8285045836663529,5.0,,,,-0.0259296853372705,5.5,0.0,,,,,,,,,,,
2025-10-08 09:19:05,2025020006,CGY@EDM,LOSS,,UNDER,6.0,116.0,5.398409626856636,-0.601590373143364,0.7694148195799065,5.0,,,,0.0749767441860465,6.0,0.0,,,,,,,,,,,
2025-10-08 09:23:07,2025020005,BOS@WSH,LOSS,,OVER,5.5,-108.0,6.168377672107437,0.6683776721074368,0.8315629089960362,5.0,,,,-0.0259296853372705,5.5,0.0,,,,,,,,,,,
2025-10-08 09:42:54,2025020004,MTL@TOR,PUSH,,UNDER,7.0,-110.0,4.601013205412592,-2.398986794587408,0.95,5.0,,,,-0.0454545454545454,7.0,0.0,,,,,,,,,,,
2025-10-08 10:05:36,2025020005,BOS@WSH,LOSS,,OVER,5.5,-108.0,6.040582266922248,0.5405822669222475,0.8120023877942215,5.0,,,,-0.0259296853372705,5.5,0.0,,,,,,,,,,,
2025-10-08 10:05:36,2025020006,CGY@EDM,WIN,,OVER,6.0,114.0,6.94835428316236,0.9483542831623596,0.8484930025248508,5.0,,,,0.0749767441860465,6.0,0.0,,,,,,,,,,,
2025-10-08 10:05:36,2025020007,LAK@VGK,LOSS,,UNDER,6.0,114.0,5.626118093166411,-0.3738819068335886,0.5398232383998974,5.0,,,,0.0209448452408655,6.0,0.0,,,,,,,,,,,
2025-10-08 10:07:42,2025020004,MTL@TOR,PUSH,,UNDER,7.0,-110.0,5.2924828965003,-1.7075171034997003,0.9287628681617204,5.0,,,,-0.0454545454545454,7.0,0.0,,,,,,,,,,,
2025-10-08 10:07:42,2025020005,BOS@WSH,LOSS,,OVER,5.5,-108.0,6.810288020450819,1.3102880204508187,0.929814492926146,5.0,,,,-0.0259296853372705,5.5,0.0,,,,,,,,,,,
2025-10-08 10:07:42,2025020006,CGY@EDM,WIN,,OVER,6.0,114.0,6.538184208737086,0.5381842087370856,0.4657118686842477,5.0,,,,0.0749767441860465,6.0,0.0,,,,,,,,,,,
2025-10-08 10:07:42,2025020007,LAK@VGK,WIN,,OVER,6.0,-105.0,6.803907689308528,0.8039076893085282,0.845006278975795,5.0,,,,0.0209448452408657,6.0,0.0,,,,,,,,,,,
2025-10-08 12:09:59,2025020004,MTL@TOR,PUSH,,UNDER,7.0,-110.0,5.414880078015219,-1.585119921984781,0.921415204213448,5.0,,,,-0.0454545454545454,7.0,0.0,,,,,,,,,,,
2025-10-08 12:09:59,2025020006,CGY@EDM,LOSS,,UNDER,6.0,116.0,5.018319501233099,-0.9816804987669014,0.7840289234046944,5.0,,,,0.0749767441860465,6.0,0.0,,,,,,,,,,,
2025-10-08 12:54:01,2025020004,MTL@TOR,PUSH,,UNDER,7.0,-110.0,4.3410972175956575,-2.6589027824043425,0.95,5.0,,,,-0.0454545454545454,7.0,0.0,,,,,,,,,,,
2025-10-08 15:29:09,2025020006,CGY@EDM,WIN,,OVER,6.0,114.0,6.781124309804095,0.7811243098040954,0.8231006596638921,5.0,,,,0.0749767441860465,6.0,0.0,,,,,,,,,,,
2025-10-08 17:05:48,2025020004,MTL@TOR,LOSS,,UNDER,6.5,-110.0,5.296267175319452,-1.2037328246805483,0.6841960036294923,5.0,,,,-0.0454545454545454,6.5,0.0,,,,,,,,,,,
2025-10-08 17:05:48,2025020005,BOS@WSH,LOSS,,OVER,5.5,-110.0,6.351296409115443,0.8512964091154434,0.8595606748646086,5.0,,,,-0.0302547770700637,5.5,0.0,,,,,,,,,,,
2025-10-08 17:16:43,2025020004,MTL@TOR,WIN,,UNDER,7.5,-110.0,4.976540075959462,-2.523459924040538,0.93,5.0,,,,-0.0454545454545454,7.5,0.0,,,,,,,,,,,
2025-10-08 17:34:46,2025020005,BOS@WSH,LOSS,,OVER,5.5,-110.0,6.755661712438516,1.255661712438516,0.921453323332426,5.0,,,,-0.0232558139534883,5.5,0.0,,,,,,,,,,,
2025-10-08 17:40:18,2025020005,BOS@WSH,LOSS,,OVER,5.5,-110.0,6.703066075829482,1.203066075829482,0.9134029707902268,5.0,,,,-0.0232558139534883,5.5,0.0,,,,,,,,,,,
2025-10-08 17:53:52,2025020005,BOS@WSH,LOSS,,OVER,5.5,-110.0,5.904049672494655,0.4040496724946552,0.5911045417083655,5.0,,,,-0.0232558139534883,5.5,0.0,,,,,,,,,,,
2025-10-08 17:53:52,2025020007,LAK@VGK,WIN,,OVER,6.0,100.0,6.479265483959888,0.479265483959888,0.5953161455040644,5.0,,,,0.024390243902439,6.0,0.0,,,,,,,,,,,
2025-10-08 18:03:55,2025020004,MTL@TOR,PUSH,,UNDER,7.0,-110.0,4.693166747903958,-2.306833252096042,0.95,5.0,,,,-0.0454545454545454,7.0,0.0,,,,,,,,,,,
2025-10-08 18:09:29,2025020004,MTL@TOR,LOSS,,UNDER,6.0,-110.0,4.543140249834001,-1.4568597501659992,0.913241414240098,5.0,,,,-0.0454545454545454,6.0,0.0,,,,,,,,,,,
2025-10-08 18:09:29,2025020005,BOS@WSH,WIN,,UNDER,5.5,100.0,4.720292528165808,-0.7797074718341923,0.7955043667730022,5.0,,,,-0.0232558139534883,5.5,0.0,,,,,,,,,,,
2025-10-08 18:09:29,2025020007,LAK@VGK,WIN,,OVER,6.0,100.0,6.900427997668612,0.9004279976686123,0.8599838771941754,5.0,,,,0.024390243902439,6.0,0.0,,,,,,,,,,,
2025-10-08 19:04:57,2025020004,MTL@TOR,LOSS,,UNDER,6.5,-110.0,5.704677689035585,-0.7953223109644147,0.6709983790633943,5.0,,,,-0.0454545454545454,6.5,0.0,,,,,,,,,,,
2025-10-08 19:04:57,2025020005,BOS@WSH,LOSS,,OVER,5.5,-110.0,6.305359070940268,0.805359070940268,0.8527335312663674,5.0,,,,-0.0232558139534883,5.5,0.0,,,,,,,,,,,
2025-10-08 19:10:11,2025020004,MTL@TOR,PUSH,,UNDER,7.0,-110.0,6.410479921502273,-0.5895200784977268,0.5866674625241755,5.0,,,,-0.0454545454545454,7.0,0.0,,,,,,,,,,,
2025-10-08 19:10:11,2025020005,BOS@WSH,LOSS,,OVER,5.5,-110.0,6.61604723612351,1.11604723612351,0.9002878422638027,5.0,,,,-0.0232558139534883,5.5,0.0,,,,,,,,,,,
2025-10-08 19:25:55,2025020004,MTL@TOR,LOSS,,UNDER,6.5,-110.0,5.342095478353184,-1.1579045216468158,0.9396134100461006,5.0,,,,-0.0454545454545454,6.5,0.0,,,,,,,,,,,
2025-10-08 19:51:30,2025020004,MTL@TOR,LOSS,,UNDER,6.5,-110.0,4.918735299951962,-1.5812647000480382,0.95,5.0,,,,-0.0454545454545454,6.5,0.0,,,,,,,,,,,
2025-10-08 19:51:30,2025020005,BOS@WSH,LOSS,,OVER,4.5,-188.0,5.588606753080653,1.0886067530806534,0.8760877683286713,5.0,,,,-0.0530335171828595,4.5,0.0,draftkings,,,,,,,,,,
2025-10-08 20:42:03,2025020005,BOS@WSH,WIN,,OVER,3.5,112.0,5.414911892822305,1.914911892822305,0.93,5.0,,,,-0.0356012658227847,3.5,0.0,fanduel,,,,,,,,,,
2025-10-08 21:17:52,2025020005,BOS@WSH,WIN,,OVER,3.5,175.0,5.870101037483343,2.3701010374833427,0.93,5.0,,,,-0.0571428571428571,3.5,0.0,draftkings,,,,,,,,,,
2025-10-08 21:35:33,2025020005,BOS@WSH,WIN,,OVER,2.5,-245.0,5.7717195230165625,3.2717195230165625,0.93,5.0,,,,-0.0468274408803559,2.5,0.0,fanduel,,,,,,,,,,
2025-10-09 08:45:08,2025020012,PHI@FLA,LOSS,,OVER,5.5,-122.0,6.825270253510848,1.3252702535108476,0.9318985081904356,5.0,,,,-0.0382262996941896,5.5,0.0,draftkings,,,,,,,,,,
2025-10-09 08:45:08,2025020013,NYI@PIT,WIN,,OVER,5.5,-124.0,7.032755483506139,1.532755483506139,0.95,5.0,,,,-0.028901734104046,5.5,0.0,fanduel,,,,,,,,,,
2025-10-09 08:45:08,2025020017,DAL@WPG,WIN,,OVER,5.5,-115.0,6.073982677016919,0.573982677016919,0.815390205665855,5.0,,,,-0.0449620801733477,5.5,0.0,draftkings,,,,,,,,,,
2025-10-09 08:45:08,2025020018,UTA@COL,LOSS,,OVER,6.5,104.0,7.514838556186092,1.014838556186092,0.8801589626815448,5.0,,,,-0.0344234079173838,6.5,0.0,fanduel,,,,,,,,,,
2025-10-09 08:45:08,2025020019,CGY@VAN,WIN,,OVER,5.5,-122.0,6.520682716345542,1.020682716345542,0.8810075586243177,5.0,,,,-0.0250941028858217,5.5,0.0,fanduel,,,,,,,,,,
2025-10-09 08:45:08,2025020021,ANA@SEA,LOSS,,OVER,5.5,-130.0,6.659717555376652,1.159717555376652,0.9029312584760182,5.0,,,,-0.0397614314115307,5.5,0.0,draftkings,,,,,,,,,,
2025-10-09 08:54:08,2025020012,PHI@FLA,LOSS,,OVER,5.5,-122.0,7.222219140445437,1.7222191404454366,0.95,5.0,,,,-0.0382262996941896,5.5,0.0,draftkings,,,,,,,,,,
2025-10-09 08:54:08,2025020013,NYI@PIT,WIN,,OVER,5.5,-124.0,7.929268905290548,2.429268905290548,0.95,5.0,,,,-0.028901734104046,5.5,0.0,fanduel,,,,,,,,,,
2025-10-09 08:54:08,2025020014,NJD@CAR,WIN,,OVER,5.5,-122.0,6.749035724406922,1.249035724406922,0.9168319986337128,5.0,,,,-0.0382262996941896,5.5,0.0,draftkings,,,,,,,,,,
2025-10-09 08:54:08,2025020017,DAL@WPG,WIN,,OVER,5.5,-115.0,6.405929127364844,0.9059291273648435,0.8661983358211497,5.0,,,,-0.0449620801733477,5.5,0.0,draftkings,,,,,,,,,,
2025-10-09 08:54:08,2025020018,UTA@COL,LOSS,,OVER,6.5,104.0,7.767093051344823,1.2670930513448226,0.9187693445935952,5.0,,,,-0.0344234079173838,6.5,0.0,fanduel,,,,,,,,,,
2025-10-09 08:54:08,2025020019,CGY@VAN,WIN,,OVER,5.5,-122.0,6.7721789732831805,1.2721789732831803,0.9195018836657928,5.0,,,,-0.0250941028858217,5.5,0.0,fanduel,,,,,,,,,,
2025-10-09 08:54:08,2025020020,VGK@SJS,WIN,,OVER,6.0,110.0,6.457305979091149,0.4573059790911493,0.7726641804731351,5.0,,,,0.0549763033175355,6.0,0.0,draftkings,,,,,,,,,,
2025-10-09 08:54:08,2025020021,ANA@SEA,LOSS,,OVER,5.5,-130.0,6.452604285971686,0.9526042859716864,0.871230247852809,5.0,,,,-0.0397614314115307,5.5,0.0,draftkings,,,,,,,,,,
2025-10-09 09:39:56,2025020021,ANA@SEA,WIN,,UNDER,5.5,112.0,5.173267044809756,-0.326732955190244,0.6216617090966045,5.0,,,,-0.0356012658227847,5.5,0.0,fanduel,,,,,,,,,,
2025-10-09 12:08:55,2025020008,CHI@BOS,WIN,,OVER,5.5,-125.0,5.97319692020447,0.4731969202044697,0.8025811612557862,5.0,,,,-0.0415584415584414,5.5,0.0,draftkings,,,,,,,,,,
2025-10-09 12:08:55,2025020011,OTT@TBL,LOSS,,UNDER,6.5,-130.0,5.724518245097823,-0.7754817549021773,0.8855365325836536,5.0,,,,-0.0314836678473043,6.5,0.0,fanduel,,,,,,,,,,
2025-10-09 12:08:55,2025020012,PHI@FLA,LOSS,,OVER,5.5,-118.0,6.558138927549369,1.0581389275493691,0.8910110603391893,5.0,,,,-0.0350600403190465,5.5,0.0,fanduel,,,,,,,,,,
2025-10-09 12:08:55,2025020013,NYI@PIT,WIN,,OVER,5.5,-128.0,7.2145219700203,1.7145219700203,0.95,5.0,,,,-0.036231884057971,5.5,0.0,fanduel,,,,,,,,,,
2025-10-09 12:08:55,2025020014,NJD@CAR,WIN,,OVER,5.5,-120.0,6.849263678145698,1.3492636781456984,0.9321730119610762,5.0,,,,-0.0434782608695651,5.5,0.0,draftkings,,,,,,,,,,
2025-10-09 12:08:55,2025020016,CBJ@NSH,WIN,,UNDER,6.5,-124.0,5.896471228639538,-0.6035287713604616,0.5934944271608522,5.0,,,,-0.0397323295692179,6.5,0.0,fanduel,,,,,,,,,,
2025-10-09 12:08:55,2025020017,DAL@WPG,WIN,,OVER,5.5,-115.0,6.563921073512143,1.0639210735121427,0.8903807765579809,5.0,,,,-0.0383082373782107,5.5,0.0,fanduel,,,,,,,,,,
2025-10-09 12:08:55,2025020018,UTA@COL,LOSS,,OVER,6.5,104.0,7.686990974878022,1.1869909748780216,0.9065088226854116,5.0,,,,-0.0344234079173838,6.5,0.0,fanduel,,,,,,,,,,
2025-10-09 12:08:55,2025020019,CGY@VAN,WIN,,OVER,5.5,-135.0,7.173290322719797,1.6732903227197973,0.95,5.0,,,,-0.0400839854934147,5.5,0.0,draftkings,,,,,,,,,,
2025-10-09 13:02:07,2025020008,CHI@BOS,WIN,,OVER,5.5,-125.0,6.540277302573544,1.0402773025735437,0.8893791789653384,5.0,,,,-0.0415584415584414,5.5,0.0,draftkings,,,,,,,,,,
2025-10-09 13:02:07,2025020010,MTL@DET,WIN,,UNDER,6.5,-110.0,5.054273792444864,-1.4457262075551365,0.8054858801960167,5.0,,,,-0.0454545454545454,6.5,0.0,,,,,,,,,,,
2025-10-09 13:02:07,2025020012,PHI@FLA,LOSS,,OVER,5.5,-118.0,6.718378416564309,1.2183784165643088,0.9155375127394352,5.0,,,,-0.0441916999479077,5.5,0.0,draftkings,,,,,,,,,,
2025-10-09 13:02:07,2025020013,NYI@PIT,WIN,,OVER,5.5,-128.0,7.532536549226434,2.0325365492264336,0.95,5.0,,,,-0.036231884057971,5.5,0.0,fanduel,,,,,,,,,,
2025-10-09 13:02:07,2025020014,NJD@CAR,WIN,,OVER,5.5,-120.0,6.800488399645773,1.300488399645773,0.9247074081090472,5.0,,,,-0.0434782608695651,5.5,0.0,draftkings,,,,,,,,,,
2025-10-09 13:02:07,2025020015,MIN@STL,WIN,,UNDER,6.5,-110.0,6.131761681631929,-0.3682383183680713,0.6472964847273307,5.0,,,,-0.0454545454545454,6.5,0.0,,,,,,,,,,,
2025-10-09 13:02:07,2025020016,CBJ@NSH,WIN,,UNDER,6.5,-124.0,5.490867143327112,-1.0091328566728883,0.9198087534322876,5.0,,,,-0.0397323295692179,6.5,0.0,fanduel,,,,,,,,,,
2025-10-09 13:02:07,2025020017,DAL@WPG,WIN,,OVER,5.5,-118.0,6.554864314781927,1.054864314781927,0.8889945379768255,5.0,,,,-0.0441916999479077,5.5,0.0,draftkings,,,,,,,,,,
2025-10-09 13:02:07,2025020018,UTA@COL,LOSS,,OVER,6.5,104.0,7.646771276989393,1.1467712769893934,0.9003527464779685,5.0,,,,-0.0344234079173838,6.5,0.0,fanduel,,,,,,,,,,
2025-10-09 13:02:07,2025020019,CGY@VAN,WIN,,OVER,5.5,-135.0,7.349633445872911,1.849633445872911,0.95,5.0,,,,-0.0400839854934147,5.5,0.0,draftkings,,,,,,,,,,
2025-10-09 13:02:07,2025020020,VGK@SJS,WIN,,OVER,6.5,-102.0,7.150823916651554,0.6508239166515537,0.8222842729568705,5.0,,,,-0.0441916999479076,6.5,0.0,draftkings,,,,,,,,,,
2025-10-09 14:27:30,2025020011,OTT@TBL,LOSS,,UNDER,6.5,-135.0,5.367725020057565,-1.1322749799424354,0.9380061245013386,5.0,,,,-0.0400839854934147,6.5,0.0,draftkings,,,,,,,,,,
2025-10-09 14:27:30,2025020012,PHI@FLA,LOSS,,OVER,5.5,-118.0,6.437811942223675,0.937811942223675,0.8725936646260729,5.0,,,,-0.0441916999479077,5.5,0.0,draftkings,,,,,,,,,,
2025-10-09 14:27:30,2025020013,NYI@PIT,WIN,,OVER,5.5,-130.0,7.091816419305497,1.5918164193054969,0.95,5.0,,,,-0.0397614314115307,5.5,0.0,draftkings,,,,,,,,,,
2025-10-09 14:27:30,2025020014,NJD@CAR,WIN,,OVER,5.5,-120.0,6.903500533413335,1.403500533413335,0.9404745714408166,5.0,,,,-0.0434782608695651,5.5,0.0,draftkings,,,,,,,,,,
2025-10-09 14:27:30,2025020015,MIN@STL,WIN,,UNDER,6.5,-110.0,5.243140036980029,-1.2568599630199708,0.6189118108672299,5.0,,,,-0.0454545454545454,6.5,0.0,,,,,,,,,,,
2025-10-09 14:27:30,2025020016,CBJ@NSH,WIN,,UNDER,6.5,-124.0,5.321237144671168,-1.1787628553288323,0.6079122362067684,5.0,,,,-0.0397323295692179,6.5,0.0,fanduel,,,,,,,,,,
2025-10-09 14:27:30,2025020017,DAL@WPG,WIN,,OVER,5.5,-118.0,5.941735262519102,0.441735262519102,0.6349894271266215,5.0,,,,-0.0441916999479077,5.5,0.0,draftkings,,,,,,,,,,
2025-10-09 14:27:30,2025020019,CGY@VAN,WIN,,OVER,5.5,-134.0,6.831340154621173,1.3313401546211727,0.9285571665236492,5.0,,,,-0.0384054074813732,5.5,0.0,fanduel,,,,,,,,,,
2025-10-09 14:27:30,2025020020,VGK@SJS,WIN,,OVER,6.5,-102.0,7.4858336579420435,0.9858336579420436,0.8735612741748026,5.0,,,,-0.0441916999479076,6.5,0.0,draftkings,,,,,,,,,,
2025-10-09 14:27:30,2025020021,ANA@SEA,WIN,,UNDER,6.5,-130.0,5.52714132473758,-0.9728586752624198,0.5639967849678309,4.353518942278979,,,,-0.0397614314115307,6.5,0.0,draftkings,,,,,,,,,,
2025-10-09 23:50:59,2025020015,MIN@STL,WIN,,UNDER,6.5,-110.0,6.0909959287969215,-0.4090040712030784,0.5242591903150217,5.0,,,,-0.0454545454545454,6.5,0.0,,,,,,,,,,,
2025-10-09 23:50:59,2025020015,MIN@STL,WIN,,UNDER,6.5,-110.0,6.095675221210456,-0.4043247787895438,0.523571059077737,5.0,,,,-0.0454545454545454,6.5,0.0,,,,,,,,,,,
2025-10-09 23:50:59,2025020015,MIN@STL,WIN,,UNDER,6.5,-110.0,6.084517145003294,-0.4154828549967062,0.5252119526376139,5.0,,,,-0.0454545454545454,6.5,0.0,,,,,,,,,,,
2025-10-09 23:50:59,2025020015,MIN@STL,WIN,,UNDER,6.5,-110.0,6.108108570839432,-0.3918914291605677,0.5217426253087699,5.0,,,,-0.0454545454545454,6.5,0.0,,,,,,,,,,,
2025-10-09 23:50:59,2025020017,DAL@WPG,LOSS,,UNDER,6.5,-110.0,5.366694624699079,-1.133305375300921,0.6314358526823515,5.0,,,,-0.0454545454545454,6.5,0.0,,,,,,,,,,,
2025-10-09 23:50:59,2025020017,DAL@WPG,LOSS,,UNDER,6.5,-110.0,5.376163735884374,-1.123836264115626,0.6300433363315726,5.0,,,,-0.0454545454545454,6.5,0.0,,,,,,,,,,,
2025-10-09 23:50:59,2025020017,DAL@WPG,LOSS,,UNDER,6.5,-110.0,5.38743230901069,-1.1125676909893096,0.6283861932247613,5.0,,,,-0.0454545454545454,6.5,0.0,,,,,,,,,,,
2025-10-09 23:50:59,2025020017,DAL@WPG,LOSS,,UNDER,6.5,-110.0,5.408796498565073,-1.0912035014349266,0.6252444006432346,5.0,,,,-0.0454545454545454,6.5,0.0,,,,,,,,,,,
2025-10-09 23:50:59,2025020018,UTA@COL,WIN,,UNDER,6.5,-110.0,5.923192528905531,-0.5768074710944688,0.5522008667696378,5.0,,,,-0.0454545454545454,6.5,0.0,,,,,,,,,,,
2025-10-09 23:50:59,2025020019,CGY@VAN,WIN,,OVER,3.5,118.0,5.751345176947364,2.251345176947364,0.93,5.0,,,,-0.0481197647478167,3.5,0.0,fanduel,,,,,,,,,,
2025-10-10 08:42:40,2025020019,CGY@VAN,WIN,,UNDER,6.5,-110.0,6.203901048768151,-0.2960989512318495,0.5569989545037924,5.0,,,,-0.0454545454545454,6.5,0.0,,,,,,,,,,,
2025-10-10 08:42:40,2025020021,ANA@SEA,WIN,,UNDER,6.5,-110.0,6.3452646472863865,-0.1547353527136135,0.475592542956993,5.0,,,,-0.0454545454545454,6.5,0.0,,,,,,,,,,,
2025-10-10 11:11:04,demo_1,EDM@COL,,,UNDER,6.5,-110.0,3.483309327910036,-3.0166906720899647,0.95,5.0,,,,-0.0454545454545454,6.5,0.0,,,,,,,,,,,
2025-10-10 11:11:04,demo_2,VGK@FLA,,,UNDER,6.5,-110.0,3.473066060842329,-3.026933939157671,0.95,5.0,,,,-0.0454545454545454,6.5,0.0,,,,,,,,6.0,,,-0.5
2025-10-10 11:11:04,demo_0,TOR@BOS,,,UNDER,6.5,-110.0,3.377547432977891,-3.122452567022109,0.95,5.0,,,,-0.0454545454545454,6.5,0.0,,,,,,,,6.5,,,0.0
2025-10-10 11:11:04,demo_3,NYR@CAR,,,UNDER,6.5,-110.0,3.940636281897994,-2.559363718102006,0.9206131291438724,5.0,,,,-0.0454545454545454,6.5,0.0,,,,,,,,,,,
2025-10-10 15:36:34,2025020018,UTA@COL,WIN,,UNDER,6.5,-110.0,6.133122231017987,-0.3668777689820128,0.5368072916658829,5.0,,,,-0.0454545454545454,6.5,0.0,,,,,,,,,,,
2025-10-10 15:36:34,2025020019,CGY@VAN,WIN,,UNDER,6.5,-110.0,5.768350223432569,-0.7316497765674308,0.6104943516049149,5.0,,,,-0.0454545454545454,6.5,0.0,,,,,,,,,,,
2025-10-10 15:36:34,2025020021,ANA@SEA,WIN,,UNDER,6.5,-110.0,6.281774457897259,-0.2182255421027408,0.5143731406542253,5.0,,,,-0.0454545454545454,6.5,0.0,,,,,,,,,,,
2025-10-10 20:27:29,2025020018,UTA@COL,WIN,,UNDER,6.5,-110.0,6.042209793074523,-0.4577902069254769,0.5502113377761221,5.0,,,,-0.0454545454545454,6.5,0.0,,,,,,,,,,,
2025-10-10 20:27:29,2025020019,CGY@VAN,WIN,,UNDER,6.5,-110.0,5.984492138732371,-0.5155078612676292,0.5787433457676151,5.0,,,,-0.0454545454545454,6.5,0.0,,,,,,,,,,,
2025-10-10 20:27:29,2025020021,ANA@SEA,WIN,,UNDER,6.5,-110.0,5.947018248780188,-0.5529817512198125,0.5636365648782301,5.0,,,,-0.0454545454545454,6.5,0.0,,,,,,,,,,,
2025-10-10 21:44:29,2025020018,UTA@COL,WIN,,UNDER,6.5,-110.0,6.119969063989917,-0.3800309360100833,0.6258574905897182,5.0,,,,-0.0454545454545454,6.5,0.0,,,,,,,,,,,
2025-10-10 21:44:29,2025020019,CGY@VAN,WIN,,UNDER,6.5,-110.0,5.5904965780463485,-0.9095034219536516,0.723765209110831,5.0,,,,-0.0454545454545454,6.5,0.0,,,,,,,,,,,
2025-10-10 21:57:27,2025020018,UTA@COL,WIN,,UNDER,6.5,-110.0,5.477852969524815,-1.0221470304751854,0.9202863280110568,5.0,,,,-0.0454545454545454,6.5,0.0,,,,,,,,,,,
2025-10-10 22:00:12,2025020018,UTA@COL,WIN,,UNDER,6.5,-110.0,4.713243696650141,-1.7867563033498586,0.95,5.0,,,,-0.0454545454545454,6.5,0.0,,,,,,,,,,,
2025-10-10 22:08:18,2025020018,UTA@COL,WIN,,UNDER,6.5,-110.0,5.5884302184926815,-0.9115697815073184,0.9040249678687234,5.0,,,,-0.0454545454545454,6.5,0.0,,,,,,,,,,,
2025-10-10 22:08:18,2025020019,CGY@VAN,WIN,,UNDER,6.5,-110.0,5.225081609255473,-1.274918390744527,0.95,5.0,,,,-0.0454545454545454,6.5,0.0,,,,,,,,,,,
2025-10-10 22:27:52,2025020018,UTA@COL,WIN,,UNDER,6.5,-110.0,5.911324003673466,-0.5886759963265336,0.8565405876950786,5.0,,,,-0.0454545454545454,6.5,0.0,,,,,,,,,,,
2025-10-10 22:45:39,2025020018,UTA@COL,WIN,,UNDER,6.5,-110.0,5.2613445577863205,-1.2386554422136795,0.6854591336588745,5.0,,,,-0.0454545454545454,6.5,0.0,,,,,,,,,,,
2025-10-10 22:45:39,2025020019,CGY@VAN,WIN,,UNDER,6.5,-110.0,4.52109823584486,-1.9789017641551403,0.8143630045326188,5.0,,,,-0.0454545454545454,6.5,0.0,,,,,,,,,,,
2025-10-10 23:56:27,2025020018,UTA@COL,WIN,,UNDER,6.5,-110.0,6.141636152789116,-0.3583638472108843,0.556004487334934,2.0,,,,-0.0454545454545454,6.5,0.0,,,,,,,,,,,
2025-10-10 23:57:27,2025020018,UTA@COL,WIN,,UNDER,6.5,-110.0,5.693115484394682,-0.8068845156053177,0.8886300758243116,2.0,,,,-0.0454545454545454,6.5,0.0,,,,,,,,,,,
2025-10-10 23:57:27,2025020019,CGY@VAN,WIN,,UNDER,6.5,-110.0,5.36924839586604,-1.1307516041339598,0.95,2.0,,,,-0.0454545454545454,6.5,0.0,,,,,,,,,,,
2025-10-11 00:03:39,2025020029,NYR@PIT,LOSS,,UNDER,6.5,-135.0,5.440486886550869,-1.059513113449131,0.9284283990366368,2.0,,,,-0.0360805165210787,6.5,0.0,draftkings,,,,,,,,,,
2025-10-11 00:03:39,2025020034,DAL@COL,LOSS,,UNDER,6.5,-130.0,5.216349887822728,-1.2836501121772723,0.95,2.0,,,,-0.0397614314115307,6.5,0.0,draftkings,,,,,,,,,,
2025-10-11 11:56:50,2025020029,NYR@PIT,LOSS,,UNDER,6.5,-135.0,5.030838225283272,-1.4691617747167278,0.7886708492230482,2.0,,,,-0.0400839854934147,6.5,0.0,draftkings,,,,,,,,,,
2025-10-11 11:56:50,2025020034,DAL@COL,LOSS,,UNDER,6.5,-130.0,5.245510313634252,-1.2544896863657478,0.7593073068184922,2.0,,,,-0.0397614314115307,6.5,0.0,draftkings,,,,,,,,,,
2025-10-11 11:58:24,2025020029,NYR@PIT,LOSS,,UNDER,6.0,116.0,4.9493622400983535,-1.0506377599016463,0.7060991999855363,2.0,,,,0.0749767441860465,6.0,0.0,fanduel,,,,,,,,,,
2025-10-11 11:58:24,2025020034,DAL@COL,LOSS,,UNDER,6.5,-130.0,4.930792578333012,-1.569207421666988,0.8055893267157336,2.0,,,,-0.0397614314115307,6.5,0.0,draftkings,,,,,,,,,,
2025-10-11 12:13:15,2025020023,STL@CGY,WIN,,UNDER,6.5,-110.0,6.122661623749246,-0.377338376250754,0.5264068869904863,2.0,,,,-0.0454545454545454,6.5,0.0,,,,,,,,,,,
2025-10-11 12:13:15,2025020025,TOR@DET,LOSS,,UNDER,6.5,-132.0,6.308528768547235,-0.1914712314527653,0.5011470127554879,2.0,,,,-0.034986782770953,6.5,0.0,fanduel,,,,,,,,,,
2025-10-11 12:13:15,2025020026,NJD@TBL,LOSS,,UNDER,6.5,-130.0,6.107290902713446,-0.3927090972865539,0.5317996400839863,2.0,,,,-0.0397614314115307,6.5,0.0,draftkings,,,,,,,,,,
2025-10-11 12:13:15,2025020031,MTL@CHI,WIN,,UNDER,6.5,-110.0,6.085718284685047,-0.4142817153149529,0.5302956133234568,2.0,,,,-0.0454545454545454,6.5,0.0,,,,,,,,,,,
2025-10-11 12:13:15,2025020034,DAL@COL,LOSS,,UNDER,6.5,-130.0,6.146223165406118,-0.3537768345938819,0.5276625426291816,2.0,,,,-0.0397614314115307,6.5,0.0,draftkings,,,,,,,,,,
2025-10-11 12:13:15,2025020037,VGK@SEA,WIN,,UNDER,6.5,-135.0,6.123561127790097,-0.3764388722099028,0.532715783455067,2.0,,,,-0.0400839854934147,6.5,0.0,draftkings,,,,,,,,,,
2025-10-11 15:52:08,2025020022,LAK@WPG,LOSS,,OVER,5.5,130.0,6.291188804966991,0.7911888049669908,0.5822703953180768,2.0,,,,-0.0177935943060495,5.5,0.0,draftkings,,,,,,,,,,
2025-10-11 15:52:08,2025020023,STL@CGY,WIN,,UNDER,6.5,-110.0,5.930754064866072,-0.5692459351339281,0.5801313681698501,2.0,,,,-0.0454545454545454,6.5,0.0,,,,,,,,,,,
2025-10-11 15:52:08,2025020026,NJD@TBL,LOSS,,UNDER,6.5,-130.0,5.980196282391243,-0.5198037176087569,0.5759928067690897,2.0,,,,-0.0397614314115307,6.5,0.0,draftkings,,,,,,,,,,
2025-10-11 15:52:08,2025020027,OTT@FLA,LOSS,,UNDER,5.5,-102.0,5.296538712056691,-0.2034612879433091,0.5293836259359357,2.0,,,,-0.0441916999479076,5.5,0.0,draftkings,,,,,,,,,,
2025-10-11 15:52:08,2025020031,MTL@CHI,WIN,,UNDER,6.5,-110.0,5.92573901102284,-0.5742609889771604,0.5793247584409137,2.0,,,,-0.0454545454545454,6.5,0.0,,,,,,,,,,,
2025-10-11 15:52:08,2025020034,DAL@COL,LOSS,,UNDER,6.5,-128.0,5.859538520930779,-0.6404614790692209,0.8690090410395913,2.0,,,,-0.036231884057971,6.5,0.0,fanduel,,,,,,,,,,
2025-10-11 15:52:08,2025020036,ANA@SJS,LOSS,,UNDER,6.5,-102.0,6.345078449079822,-0.1549215509201778,0.5228189587266516,2.0,,,,-0.0362939183163901,6.5,0.0,draftkings,,,,,,,,,,
2025-10-11 15:52:08,2025020037,VGK@SEA,WIN,,UNDER,6.5,-130.0,6.091317191835745,-0.4086828081642553,0.608073102040962,2.0,,,,-0.0314836678473043,6.5,0.0,fanduel,,,,,,,,,,
2025-10-11 17:02:27,2025020023,STL@CGY,WIN,,UNDER,6.5,-110.0,6.183139846256323,-0.3168601537436766,0.5678111337204753,2.0,,,,-0.0454545454545454,6.5,0.0,,,,,,,,,,,
2025-10-11 17:02:27,2025020026,NJD@TBL,LOSS,,UNDER,6.5,-130.0,6.31826066259655,-0.1817393374034503,0.485675952979499,2.0,,,,-0.0397614314115307,6.5,0.0,draftkings,,,,,,,,,,
2025-10-11 17:02:27,2025020029,NYR@PIT,LOSS,,UNDER,6.5,-135.0,6.191998859399735,-0.3080011406002647,0.5690230435523265,2.0,,,,-0.0400839854934147,6.5,0.0,draftkings,,,,,,,,,,
2025-10-11 17:02:27,2025020031,MTL@CHI,WIN,,UNDER,6.5,-110.0,6.110608086528466,-0.3893919134715338,0.5769334513275131,2.0,,,,-0.0454545454545454,6.5,0.0,,,,,,,,,,,
2025-10-11 17:02:27,2025020034,DAL@COL,LOSS,,UNDER,6.5,-128.0,5.840606462518565,-0.659393537481435,0.6229042783877926,2.0,,,,-0.036231884057971,6.5,0.0,fanduel,,,,,,,,,,
2025-10-11 17:02:27,2025020037,VGK@SEA,WIN,,UNDER,6.5,-130.0,6.272246920722155,-0.2277530792778446,0.5611483286519705,2.0,,,,-0.0314836678473043,6.5,0.0,fanduel,,,,,,,,,,
2025-10-11 20:50:41,2025020023,STL@CGY,WIN,,UNDER,6.5,-110.0,6.203522587370838,-0.2964774126291623,0.5060102529884515,2.0,,,,-0.0454545454545454,6.5,0.0,,,,,,,,,,,
2025-10-11 20:50:41,2025020023,STL@CGY,WIN,,UNDER,6.5,-110.0,6.209327641256426,-0.2906723587435742,0.505156568593512,2.0,,,,-0.0454545454545454,6.5,0.0,,,,,,,,,,,
2025-10-11 20:50:41,2025020026,NJD@TBL,LOSS,,UNDER,7.5,-145.0,5.955023738533214,-1.544976261466786,0.93,2.0,,,,-0.0350109409190371,7.5,0.0,draftkings,,,,,,,,,,
2025-10-11 20:50:41,2025020031,MTL@CHI,WIN,,UNDER,6.5,-110.0,6.282053004335039,-0.2179469956649606,0.4929175446113629,2.0,,,,-0.0454545454545454,6.5,0.0,,,,,,,,,,,
2025-10-11 20:50:41,2025020030,PHI@CAR,WIN,,UNDER,7.5,-175.0,6.120811503048646,-1.379188496951354,0.93,2.0,,,,-0.0177232447171097,7.5,0.0,draftkings,,,,,,,,,,
2025-10-11 20:50:41,2025020029,NYR@PIT,LOSS,,UNDER,6.5,165.0,6.267242096570672,-0.2327579034293281,0.526846750504313,2.0,,,,-0.0519330640507789,6.5,0.0,fanduel,,,,,,,,,,
2025-10-11 20:50:41,2025020024,BUF@BOS,LOSS,,OVER,4.5,110.0,6.291678945974425,1.7916789459744251,0.93,2.0,,,,-0.0482160077145611,4.5,0.0,draftkings,,,,,,,,,,
2025-10-11 20:50:41,2025020027,OTT@FLA,LOSS,,UNDER,7.0,-128.0,5.5540014516892775,-1.4459985483107225,0.8764819041633415,2.0,,,,0.0224215246636771,7.0,0.0,fanduel,,,,,,,,,,
2025-10-11 20:50:41,2025020025,TOR@DET,LOSS,,UNDER,7.5,-166.0,5.927103247316008,-1.5728967526839917,0.93,2.0,,,,-0.0359432097286288,7.5,0.0,draftkings,,,,,,,,,,
2025-10-11 20:50:41,2025020028,WSH@NYI,WIN,,UNDER,6.5,160.0,6.204770162588038,-0.2952298374119619,0.513077917266465,2.0,,,,-0.0584112149532709,6.5,0.0,draftkings,,,,,,,,,,
2025-10-11 20:50:41,2025020032,UTA@NSH,WIN,,UNDER,6.5,-130.0,6.419935141452942,-0.0800648585470575,0.4831124791980966,2.0,,,,-0.0397614314115307,6.5,0.0,draftkings,,,,,,,,,,
2025-10-11 20:50:41,2025020034,DAL@COL,LOSS,,UNDER,6.5,-128.0,5.861060789005615,-0.6389392109943852,0.8687851780874095,2.0,,,,-0.036231884057971,6.5,0.0,fanduel,,,,,,,,,,
2025-10-11 20:50:41,2025020037,VGK@SEA,WIN,,UNDER,6.5,-132.0,6.279494584742384,-0.220505415257616,0.5289713845967081,2.0,,,,-0.034986782770953,6.5,0.0,fanduel,,,,,,,,,,
2025-10-12 22:19:29,2025020038,WSH@NYR,WIN,,UNDER,6.5,-110.0,5.9943081696669465,-0.5056918303330535,0.5653282542412523,2.0,,,,-0.0454545454545454,6.5,0.0,,,,,,,,,,,
2025-10-12 23:39:49,2025020038,WSH@NYR,WIN,,UNDER,6.5,-110.0,5.635424080254794,-0.8645759197452056,0.6320356744723342,2.0,,,,-0.0454545454545454,6.5,0.0,,,,,,,,,,,
2025-10-13 09:42:13,2025020040,TBL@BOS,WIN,,OVER,5.5,-135.0,6.474358423126958,0.974358423126958,0.6018917713090172,2.0,,,,-0.0400839854934147,5.5,0.0,draftkings,,,,,,,,,,
2025-10-13 09:42:13,2025020042,WPG@NYI,WIN,,OVER,5.5,-112.0,6.704844155147774,1.2048441551477742,0.6368946894754686,2.0,,,,-0.0411031090813281,5.5,0.0,draftkings,,,,,,,,,,
2025-10-13 09:42:13,2025020043,DET@TOR,WIN,,UNDER,6.5,-134.0,6.2605091135436,-0.2394908864563998,0.5458572570580679,2.0,,,,-0.0384054074813732,6.5,0.0,fanduel,,,,,,,,,,
2025-10-13 09:42:13,2025020044,FLA@PHI,WIN,,OVER,5.5,-120.0,6.248706779667796,0.7487067796677955,0.552535824346184,2.0,,,,-0.0434782608695651,5.5,0.0,fanduel,,,,,,,,,,
2025-10-13 09:42:13,2025020046,STL@VAN,LOSS,,UNDER,6.5,-110.0,6.028964231535813,-0.471035768464187,0.5775256220592131,2.0,,,,-0.0454545454545454,6.5,0.0,,,,,,,,,,,
2025-10-13 12:23:10,2025020043,DET@TOR,WIN,,UNDER,6.5,-135.0,6.259939881880555,-0.2400601181194446,0.5033698400941166,2.0,,,,-0.0400839854934147,6.5,0.0,draftkings,,,,,,,,,,
2025-10-13 12:23:10,2025020045,NJD@CBJ,WIN,,UNDER,6.5,-118.0,6.030050355692191,-0.4699496443078086,0.5378388880629935,2.0,,,,-0.0441916999479077,6.5,0.0,fanduel,,,,,,,,,,
2025-10-13 12:23:10,2025020046,STL@VAN,LOSS,,UNDER,6.5,-110.0,6.26882930610072,-0.2311706938992799,0.4996802188852688,2.0,,,,-0.0454545454545454,6.5,0.0,,,,,,,,,,,
2025-10-13 14:03:15,2025020041,NSH@OTT,WIN,,OVER,4.5,-102.0,6.230397274922304,1.7303972749223044,0.93,2.0,,,,-0.0570539419087137,4.5,0.0,fanduel,,,,,,,,,,
2025-10-13 14:03:15,2025020043,DET@TOR,WIN,,UNDER,6.5,-124.0,6.257003564629561,-0.242996435370439,0.5323556849400971,2.0,,,,-0.028901734104046,6.5,0.0,fanduel,,,,,,,,,,
2025-10-13 14:03:15,2025020045,NJD@CBJ,WIN,,UNDER,6.5,-118.0,6.137662677091795,-0.3623373229082052,0.5505675801662392,2.0,,,,-0.0441916999479077,6.5,0.0,fanduel,,,,,,,,,,
2025-10-13 14:03:15,2025020046,STL@VAN,LOSS,,UNDER,6.5,-110.0,6.215830516435904,-0.2841694835640957,0.5360281920273996,2.0,,,,-0.0454545454545454,6.5,0.0,,,,,,,,,,,
2025-10-13 14:51:17,2025020039,COL@BUF,LOSS,,OVER,5.5,142.0,6.929455535451536,1.4294555354515357,0.7579756205056205,2.0,,,,-0.0472440944881891,5.5,0.0,fanduel,,,,,,,,,,
2025-10-13 14:51:17,2025020042,WPG@NYI,WIN,,UNDER,8.5,-130.0,6.649081876400245,-1.850918123599756,0.93,2.0,,,,-0.0482121333869023,8.5,0.0,draftkings,,,,,,,,,,
2025-10-13 14:51:17,2025020040,TBL@BOS,WIN,,UNDER,9.5,-188.0,6.683232132500209,-2.8167678674997907,0.93,2.0,,,,-0.050131926121372,9.5,0.0,fanduel,,,,,,,,,,
2025-10-13 14:51:17,2025020041,NSH@OTT,WIN,,OVER,3.5,100.0,6.205991025877105,2.705991025877105,0.93,2.0,,,,-0.0337078651685394,3.5,0.0,draftkings,,,,,,,,,,
2025-10-13 14:51:17,2025020045,NJD@CBJ,WIN,,UNDER,6.5,-118.0,6.175424857823174,-0.3245751421768261,0.5158079690876285,2.0,,,,-0.0441916999479077,6.5,0.0,fanduel,,,,,,,,,,
2025-10-13 14:51:17,2025020046,STL@VAN,LOSS,,UNDER,6.5,-110.0,6.181056532033801,-0.3189434679661991,0.5119356640566539,2.0,,,,-0.0454545454545454,6.5,0.0,,,,,,,,,,,
2025-10-13 18:47:42,2025020045,NJD@CBJ,WIN,,UNDER,6.5,-112.0,6.047503866661751,-0.4524961333382489,0.5464240378355751,2.0,,,,-0.0411031090813281,6.5,0.0,draftkings,,,,,,,,,,
2025-10-13 18:47:42,2025020046,STL@VAN,LOSS,,UNDER,6.5,-110.0,5.960842182848653,-0.5391578171513469,0.5561242854551484,2.0,,,,-0.0454545454545454,6.5,0.0,,,,,,,,,,,
2025-10-13 19:51:53,2025020043,DET@TOR,WIN,,UNDER,6.5,-110.0,6.384015435440529,-0.1159845645594712,0.4978592222829893,2.0,,,,-0.0454545454545454,6.5,0.0,,,,,,,,,,,
2025-10-13 19:51:53,2025020045,NJD@CBJ,LOSS,,OVER,5.5,-105.0,6.087326408602114,0.5873264086021139,0.4551428845551912,2.0,,,,-0.0429755671902268,5.5,0.0,draftkings,,,,,,,,,,
2025-10-13 19:51:53,2025020046,STL@VAN,LOSS,,UNDER,6.5,-110.0,5.691841628588778,-0.8081583714112224,0.5972671350553057,2.0,,,,-0.0454545454545454,6.5,0.0,,,,,,,,,,,
2025-10-13 20:33:07,2025020043,DET@TOR,WIN,,UNDER,6.5,-110.0,6.392547326216499,-0.1074526737835013,0.4999783343799265,2.0,,,,-0.0454545454545454,6.5,0.0,,,,,,,,,,,
2025-10-13 20:33:07,2025020044,FLA@PHI,WIN,,OVER,4.5,105.0,6.754203558300934,2.254203558300934,0.93,2.0,,,,-0.0586223742061552,4.5,0.0,draftkings,,,,,,,,,,
2025-10-13 20:33:07,2025020045,NJD@CBJ,WIN,,UNDER,6.5,-125.0,6.292093711147951,-0.2079062888520493,0.515412689537066,2.0,,,,-0.0437499999999999,6.5,0.0,draftkings,,,,,,,,,,
2025-10-13 20:33:07,2025020046,STL@VAN,LOSS,,UNDER,6.5,-110.0,5.8399867954650455,-0.6600132045349545,0.5788548830198461,2.0,,,,-0.0454545454545454,6.5,0.0,,,,,,,,,,,
2025-10-13 20:33:07,2025020047,LAK@MIN,WIN,,OVER,4.5,-166.0,6.078616094115825,1.5786160941158247,0.93,2.0,,,,-0.0555727076258105,4.5,0.0,draftkings,,,,,,,,,,
2025-10-14 09:27:44,2025020049,NSH@TOR,LOSS,,UNDER,6.5,-115.0,5.465526718534179,-1.0344732814658206,0.6420804697807793,2.0,,,,-0.0337078651685393,6.5,0.0,draftkings,,,,,,,,,,
2025-10-14 09:27:44,2025020050,SEA@MTL,LOSS,,UNDER,6.5,-110.0,5.617631523739752,-0.8823684762602477,0.6167562337211362,2.0,,,,-0.0454545454545454,6.5,0.0,,,,,,,,,,,
2025-10-14 09:27:44,2025020056,PIT@ANA,LOSS,,UNDER,6.5,-130.0,5.881272885212258,-0.6187271147877418,0.5846030923281206,2.0,,,,-0.0397614314115307,6.5,0.0,draftkings,,,,,,,,,,
2025-10-14 11:13:25,2025020049,NSH@TOR,LOSS,,UNDER,6.5,-115.0,5.623883754283703,-0.8761162457162968,0.59041944129007,2.0,,,,-0.0337078651685393,6.5,0.0,draftkings,,,,,,,,,,
2025-10-14 11:13:25,2025020050,SEA@MTL,LOSS,,UNDER,6.5,-110.0,5.376476050843419,-1.1235239491565814,0.667292737621066,2.0,,,,-0.0454545454545454,6.5,0.0,,,,,,,,,,,
2025-10-14 11:13:25,2025020056,PIT@ANA,LOSS,,UNDER,6.5,-128.0,6.101332152756302,-0.3986678472436979,0.5238682062205703,2.0,,,,-0.036231884057971,6.5,0.0,fanduel,,,,,,,,,,
2025-10-14 12:12:41,2025020049,NSH@TOR,LOSS,,UNDER,6.5,-115.0,5.477736959388548,-1.0222630406114517,0.6286906432271743,2.0,,,,-0.0337078651685393,6.5,0.0,draftkings,,,,,,,,,,
2025-10-14 12:12:41,2025020050,SEA@MTL,LOSS,,UNDER,6.5,-110.0,5.48250258129974,-1.01749741870026,0.6250339341225873,2.0,,,,-0.0454545454545454,6.5,0.0,,,,,,,,,,,
2025-10-14 12:12:41,2025020056,PIT@ANA,LOSS,,UNDER,6.5,-128.0,6.200512456674973,-0.2994875433250268,0.5251084530053123,2.0,,,,-0.036231884057971,6.5,0.0,fanduel,,,,,,,,,,
2025-10-14 14:00:30,2025020049,NSH@TOR,LOSS,,UNDER,6.5,-115.0,5.850052189511164,-0.6499478104888361,0.5725348947313303,2.0,,,,-0.0383082373782107,6.5,0.0,draftkings,,,,,,,,,,
2025-10-14 14:00:30,2025020050,SEA@MTL,LOSS,,UNDER,6.5,-110.0,5.063407371195114,-1.4365926288048856,0.95,2.0,,,,-0.0454545454545454,6.5,0.0,,,,,,,,,,,
2025-10-14 14:00:30,2025020056,PIT@ANA,LOSS,,UNDER,6.5,-122.0,6.2844164228878965,-0.2155835771121035,0.5123195662935756,2.0,,,,-0.0382262996941896,6.5,0.0,draftkings,,,,,,,,,,
2025-10-14 14:35:44,2025020049,NSH@TOR,LOSS,,UNDER,6.5,-115.0,5.715424129272893,-0.7845758707271067,0.6101469040662034,2.0,,,,-0.0383082373782107,6.5,0.0,draftkings,,,,,,,,,,
2025-10-14 14:35:44,2025020050,SEA@MTL,LOSS,,UNDER,6.5,-110.0,5.179448118281934,-1.3205518817180657,0.6860110233295797,2.0,,,,-0.0454545454545454,6.5,0.0,,,,,,,,,,,
2025-10-14 14:35:44,2025020056,PIT@ANA,LOSS,,UNDER,6.5,-122.0,6.027663644804479,-0.4723363551955213,0.538507863575388,2.0,,,,-0.033803769120257,6.5,0.0,draftkings,,,,,,,,,,
2025-10-14 17:02:11,2025020049,NSH@TOR,LOSS,,UNDER,6.5,-110.0,5.465224818234661,-1.0347751817653386,0.6173704908249256,2.0,,,,-0.0454545454545454,6.5,0.0,,,,,,,,,,,
2025-10-14 17:02:11,2025020052,TBL@WSH,WIN,,UNDER,7.5,-110.0,5.453745380255942,-2.046254619744058,0.785106071530989,2.0,,,,-0.0454545454545454,7.5,0.0,,,,,,,,,,,
2025-10-14 17:02:11,2025020053,VGK@CGY,WIN,,UNDER,7.5,-110.0,6.023080437732721,-1.4769195622672786,0.7076009160196979,2.0,,,,-0.0454545454545454,7.5,0.0,,,,,,,,,,,
2025-10-14 17:31:11,2025020049,NSH@TOR,LOSS,,UNDER,6.5,-115.0,5.565480258663652,-0.9345197413363476,0.6186746903239103,2.0,,,,-0.0383082373782107,6.5,0.0,draftkings,,,,,,,,,,
2025-10-14 17:31:11,2025020050,SEA@MTL,LOSS,,UNDER,6.5,-110.0,5.4672622498758585,-1.0327377501241417,0.6301626327927035,2.0,,,,-0.0454545454545454,6.5,0.0,,,,,,,,,,,
2025-10-14 17:31:11,2025020056,PIT@ANA,LOSS,,UNDER,6.5,-122.0,5.878113658082718,-0.621886341917282,0.5763609551152242,2.0,,,,-0.033803769120257,6.5,0.0,draftkings,,,,,,,,,,
2025-10-14 20:46:23,2025020049,NSH@TOR,LOSS,,UNDER,8.5,-138.0,5.679600472810711,-2.8203995271892888,0.9138387752322392,2.0,,,,-0.0450011250281257,8.5,0.0,fanduel,,,,,,,,,,
2025-10-14 20:46:23,2025020050,SEA@MTL,LOSS,,UNDER,6.5,-110.0,5.284615816365089,-1.215384183634911,0.6936221084530978,2.0,,,,-0.0454545454545454,6.5,0.0,,,,,,,,,,,
2025-10-14 20:46:23,2025020051,EDM@NYR,LOSS,,OVER,3.5,154.0,5.722852258023963,2.2228522580239627,0.8468294272485656,2.0,,,,-0.054936822653948,3.5,0.0,draftkings,,,,,,,,,,
2025-10-14 20:46:23,2025020056,PIT@ANA,LOSS,,UNDER,6.5,-125.0,5.991135956713486,-0.5088640432865139,0.5963397348724512,2.0,,,,-0.0393782383419688,6.5,0.0,draftkings,,,,,,,,,,
2025-10-14 22:06:13,2025020052,TBL@WSH,WIN,,UNDER,6.5,-110.0,5.624321963644356,-0.8756780363556445,0.5834779202443362,2.0,,,,-0.0454545454545454,6.5,0.0,,,,,,,,,,,
2025-10-14 22:06:13,2025020052,TBL@WSH,WIN,,UNDER,6.5,-110.0,5.6064074061409945,-0.8935925938590055,0.5861124139948305,2.0,,,,-0.0454545454545454,6.5,0.0,,,,,,,,,,,
2025-10-14 22:06:13,2025020052,TBL@WSH,WIN,,UNDER,6.5,-110.0,5.611435265642612,-0.8885647343573879,0.5853730228916514,2.0,,,,-0.0454545454545454,6.5,0.0,,,,,,,,,,,
2025-10-14 22:06:13,2025020052,TBL@WSH,WIN,,UNDER,6.5,-110.0,5.60039517278429,-0.8996048272157102,0.5869965659590518,2.0,,,,-0.0454545454545454,6.5,0.0,,,,,,,,,,,
2025-10-14 22:06:13,2025020053,VGK@CGY,WIN,,UNDER,6.5,-140.0,5.952240118704427,-0.5477598812955726,0.5214752503825609,2.0,,,,-0.0561797752808987,6.5,0.0,draftkings,,,,,,,,,,
2025-10-14 22:06:13,2025020054,MIN@DAL,LOSS,,UNDER,6.5,-114.0,5.504413743333688,-0.9955862566663124,0.5863614820547286,2.0,,,,-0.0614035087719297,6.5,0.0,fanduel,,,,,,,,,,
2025-10-14 22:06:13,2025020056,PIT@ANA,LOSS,,UNDER,6.5,-122.0,6.237037503743366,-0.2629624962566339,0.4978726937591876,2.0,,,,-0.0382262996941896,6.5,0.0,draftkings,,,,,,,,,,
2025-10-14 22:26:10,2025020052,TBL@WSH,WIN,,UNDER,6.5,-110.0,5.425918453845356,-1.0740815461546438,0.6216632525857669,2.0,,,,-0.0454545454545454,6.5,0.0,,,,,,,,,,,
2025-10-14 22:26:10,2025020052,TBL@WSH,WIN,,UNDER,6.5,-110.0,5.418646068778156,-1.0813539312218443,0.6227327209780023,2.0,,,,-0.0454545454545454,6.5,0.0,,,,,,,,,,,
2025-10-14 22:26:10,2025020052,TBL@WSH,WIN,,UNDER,6.5,-110.0,5.423943678446825,-1.0760563215531749,0.6219536607326097,2.0,,,,-0.0454545454545454,6.5,0.0,,,,,,,,,,,
2025-10-14 22:26:10,2025020052,TBL@WSH,WIN,,UNDER,6.5,-110.0,5.443851527837095,-1.0561484721629055,0.619026035822276,2.0,,,,-0.0454545454545454,6.5,0.0,,,,,,,,,,,
2025-10-14 22:26:10,2025020053,VGK@CGY,WIN,,UNDER,6.5,-120.0,5.854281109088515,-0.6457188909114846,0.544889332697067,2.0,,,,-0.0389273356401382,6.5,0.0,draftkings,,,,,,,,,,
2025-10-14 22:26:10,2025020054,MIN@DAL,LOSS,,UNDER,6.5,-114.0,5.686481629917601,-0.8135183700823987,0.5685951384574955,2.0,,,,-0.0614035087719297,6.5,0.0,fanduel,,,,,,,,,,
2025-10-14 22:26:10,2025020056,PIT@ANA,LOSS,,UNDER,6.5,-122.0,5.999261911639292,-0.5007380883607082,0.5418480382043058,2.0,,,,-0.0382262996941896,6.5,0.0,draftkings,,,,,,,,,,
2025-10-15 14:26:25,2025020059,CHI@STL,LOSS,,UNDER,6.5,-110.0,6.1752252968975,-0.3247747031025003,0.5181215334177106,2.0,,,,-0.0454545454545454,6.5,0.0,,,,,,,,,,,
2025-10-15 16:33:16,2025020057,OTT@BUF,LOSS,,UNDER,6.5,-135.0,6.037472511752081,-0.4625274882479191,0.5184721198642922,2.0,,,,-0.0400839854934147,6.5,0.0,draftkings,,,,,,,,,,
2025-10-15 16:33:16,2025020059,CHI@STL,LOSS,,UNDER,6.5,-110.0,6.41614546566816,-0.0838545343318397,0.4856525678178101,2.0,,,,-0.0454545454545454,6.5,0.0,,,,,,,,,,,
2025-10-15 16:33:16,2025020060,CGY@UTA,WIN,,UNDER,6.5,-135.0,6.081851722176961,-0.4181482778230387,0.5356516477429863,2.0,,,,-0.0400839854934147,6.5,0.0,draftkings,,,,,,,,,,
2025-10-16 11:05:32,2025020062,NSH@MTL,WIN,,UNDER,6.5,-110.0,5.691382211855299,-0.8086177881447014,0.5892820276683384,2.0,,,,-0.0454545454545454,6.5,0.0,,,,,,,,,,,
2025-10-16 11:05:32,2025020067,COL@CBJ,WIN,,UNDER,6.5,-112.0,5.942584238411311,-0.5574157615886888,0.5522082002336307,2.0,,,,-0.0389208314904908,6.5,0.0,fanduel,,,,,,,,,,
2025-10-16 11:05:32,2025020068,VAN@DAL,LOSS,,UNDER,5.5,108.0,5.041513491969327,-0.4584865080306732,0.5319097805927461,2.0,,,,-0.0350515463917525,5.5,0.0,fanduel,,,,,,,,,,
2025-10-16 11:05:32,2025020069,BOS@VGK,LOSS,,UNDER,6.5,-135.0,6.174182162220962,-0.3258178377790379,0.5246349761439761,2.0,,,,-0.0400839854934147,6.5,0.0,draftkings,,,,,,,,,,
2025-10-16 11:05:32,2025020070,CAR@ANA,WIN,,UNDER,6.5,-122.0,6.025389982720861,-0.4746100172791392,0.5450602966586969,2.0,,,,-0.042694902228674,6.5,0.0,draftkings,,,,,,,,,,
2025-10-16 14:23:47,2025020062,NSH@MTL,WIN,,UNDER,6.5,-110.0,5.574147640657703,-0.9258523593422971,0.6168672333718389,2.0,,,,-0.0454545454545454,6.5,0.0,,,,,,,,,,,
2025-10-16 14:23:47,2025020067,COL@CBJ,WIN,,UNDER,6.5,-110.0,5.83173824892847,-0.6682617510715296,0.5788539086261378,2.0,,,,-0.0347533632286993,6.5,0.0,fanduel,,,,,,,,,,
2025-10-16 14:23:47,2025020069,BOS@VGK,LOSS,,UNDER,6.5,-135.0,5.714575898120461,-0.7854241018795394,0.602568960215551,2.0,,,,-0.0400839854934147,6.5,0.0,draftkings,,,,,,,,,,
2025-10-16 14:23:47,2025020070,CAR@ANA,WIN,,UNDER,6.5,-118.0,5.97885424761493,-0.5211457523850704,0.5622486147016584,2.0,,,,-0.0441916999479077,6.5,0.0,draftkings,,,,,,,,,,
2025-10-16 14:23:47,2025020071,PIT@LAK,WIN,,UNDER,6.5,-130.0,5.487234412637587,-1.0127655873624128,0.6148985904336205,2.0,,,,-0.0397614314115307,6.5,0.0,draftkings,,,,,,,,,,
2025-10-17 16:11:39,2025020075,SJS@UTA,LOSS,,UNDER,6.5,-122.0,6.436922116785383,-0.0630778832146168,0.4945849024656661,2.0,,,,-0.0360093200593095,6.5,0.0,fanduel,,,,,,,,,,
2025-10-18 09:44:25,2025020078,EDM@NJD,LOSS,,UNDER,6.5,-130.0,6.243565316805171,-0.2564346831948292,0.5270590220384552,2.0,,,,-0.0397614314115307,6.5,0.0,draftkings,,,,,,,,,,
2025-10-18 09:44:25,2025020080,NYR@MTL,LOSS,,UNDER,6.5,-110.0,5.839439081367398,-0.6605609186326022,0.5834893507793043,2.0,,,,-0.0454545454545454,6.5,0.0,,,,,,,,,,,
2025-10-18 09:44:25,2025020081,MIN@PHI,WIN,,UNDER,6.5,-135.0,6.102079876525632,-0.3979201234743676,0.5436304103148579,2.0,,,,-0.0400839854934147,6.5,0.0,draftkings,,,,,,,,,,
2025-10-18 09:44:25,2025020082,TBL@CBJ,WIN,,UNDER,6.5,-108.0,5.755966187920942,-0.7440338120790582,0.5962941880508418,2.0,,,,-0.028215463539758,6.5,0.0,draftkings,,,,,,,,,,
2025-10-18 09:44:25,2025020083,DAL@STL,WIN,,UNDER,6.5,-110.0,5.176402891576625,-1.3235971084233746,0.6809064375132413,2.0,,,,-0.0454545454545454,6.5,0.0,,,,,,,,,,,
2025-10-18 09:44:25,2025020087,CGY@VGK,LOSS,,UNDER,6.5,-130.0,6.0851865392192686,-0.4148134607807314,0.5538794305069703,2.0,,,,-0.0397614314115307,6.5,0.0,draftkings,,,,,,,,,,
2025-10-18 10:02:40,2025020080,NYR@MTL,LOSS,,UNDER,6.5,-110.0,6.150357047111571,-0.3496429528884288,0.5114630902197779,2.0,,,,-0.0454545454545454,6.5,0.0,,,,,,,,,,,
2025-10-18 10:02:40,2025020082,TBL@CBJ,WIN,,UNDER,6.5,-108.0,5.689907362325616,-0.8100926376743844,0.5797056909235949,2.0,,,,-0.028215463539758,6.5,0.0,draftkings,,,,,,,,,,
2025-10-18 10:02:40,2025020083,DAL@STL,WIN,,UNDER,6.5,-110.0,5.791273316960343,-0.7087266830396572,0.5641812858302526,2.0,,,,-0.0454545454545454,6.5,0.0,,,,,,,,,,,
2025-10-18 10:02:40,2025020087,CGY@VGK,LOSS,,UNDER,6.5,-130.0,6.269972218782425,-0.2300277812175748,0.5004020355622993,2.0,,,,-0.0397614314115307,6.5,0.0,draftkings,,,,,,,,,,
2025-10-19 09:47:58,2025020089,VAN@WSH,WIN,,OVER,5.5,-125.0,6.385601904390694,0.8856019043906942,0.6726227404679633,2.0,,,,-0.0393782383419688,5.5,0.0,draftkings,,,,,,,,,,
2025-10-19 09:47:58,2025020090,EDM@DET,WIN,,UNDER,6.5,-130.0,5.95583679976854,-0.54416320023146,0.5607981398786555,2.0,,,,-0.0356012658227846,6.5,0.0,draftkings,,,,,,,,,,
2025-10-19 09:47:58,2025020091,ANA@CHI,WIN,,UNDER,6.5,-130.0,6.06139695163976,-0.4386030483602399,0.5417010587211231,2.0,,,,-0.0314836678473043,6.5,0.0,fanduel,,,,,,,,,,
2025-10-20 15:21:19,2025020095,BUF@MTL,WIN,,UNDER,6.5,-110.0,5.9123404451554205,-0.5876595548445795,0.5702552083696388,2.0,,,,-0.0454545454545454,6.5,0.0,,,,,,,,,,,
2025-10-20 15:21:19,2025020097,CAR@VGK,WIN,,UNDER,6.5,-125.0,5.918860775405314,-0.5811392245946863,0.5782081009799487,2.0,,,,-0.0415584415584414,6.5,0.0,draftkings,,,,,,,,,,
2025-10-21 15:12:02,2025020100,SJS@NYI,LOSS,,UNDER,6.5,-112.0,6.171457838910836,-0.3285421610891639,0.5175329134513508,2.0,,,,-0.0453758226532731,6.5,0.0,draftkings,,,,,,,,,,
2025-10-21 15:12:02,2025020101,VAN@PIT,WIN,,UNDER,6.5,-120.0,5.33717956342999,-1.1628204365700103,0.6421620716102988,2.0,,,,-0.0389273356401382,6.5,0.0,fanduel,,,,,,,,,,
2025-10-21 15:12:02,2025020102,SEA@WSH,WIN,,UNDER,5.5,120.0,5.349981062044681,-0.1500189379553189,0.4919412629904912,2.0,,,,-0.0364963503649633,5.5,0.0,draftkings,,,,,,,,,,
2025-10-21 15:12:02,2025020105,ANA@NSH,LOSS,,UNDER,6.5,-130.0,5.649508299629662,-0.8504917003703376,0.5962313751103471,2.0,,,,-0.0356012658227846,6.5,0.0,draftkings,,,,,,,,,,
2025-10-21 15:12:02,2025020106,CBJ@DAL,WIN,,UNDER,6.5,-115.0,5.363784697154729,-1.1362153028452706,0.6380730813566607,2.0,,,,-0.0449620801733477,6.5,0.0,draftkings,,,,,,,,,,
2025-10-21 15:12:02,2025020104,LAK@STL,WIN,,UNDER,6.5,-110.0,5.305475608816499,-1.194524391183501,0.6457655943475767,2.0,,,,-0.0454545454545454,6.5,0.0,,,,,,,,,,,
2025-10-22 10:06:07,2025020109,DET@BUF,WIN,,UNDER,6.5,-135.0,6.019268703037007,-0.4807312969629933,0.5723554765791314,2.0,,,,-0.0400839854934147,6.5,0.0,draftkings,,,,,,,,,,
2025-10-22 10:06:07,2025020110,MTL@CGY,WIN,,UNDER,6.5,-110.0,5.4058391429129005,-1.0941608570870995,0.660095117773853,2.0,,,,-0.0454545454545454,6.5,0.0,,,,,,,,,,,
2025-10-23 12:56:13,2025020113,CHI@TBL,WIN,,UNDER,6.5,-134.0,6.41083622050953,-0.0891637794904696,0.4421238119951428,0.1002357691284514,,,,-0.0384054074813732,6.5,0.0,fanduel,,,,,,,,,,
2025-10-23 12:56:13,2025020115,DET@NYI,LOSS,,UNDER,6.5,-135.0,5.780957384551499,-0.719042615448501,0.572449356408615,2.0,,,,-0.0400839854934147,6.5,0.0,draftkings,,,,,,,,,,
2025-10-23 12:56:13,2025020111,ANA@BOS,LOSS,,UNDER,6.5,-112.0,5.80768904309215,-0.6923109569078498,0.5667976419173427,2.0,,,,-0.0321822455252214,6.5,0.0,draftkings,,,,,,,,,,
2025-10-23 12:56:13,2025020117,UTA@STL,LOSS,,UNDER,6.5,-110.0,5.863816105598633,-0.6361838944013671,0.5589848386075659,2.0,,,,-0.0454545454545454,6.5,0.0,,,,,,,,,,,
2025-10-23 12:56:13,2025020122,MTL@EDM,LOSS,,UNDER,6.5,-110.0,5.93375828171139,-0.5662417182886097,0.5532433421203957,2.0,,,,-0.0454545454545454,6.5,0.0,,,,,,,,,,,
2025-10-23 14:44:27,2025020113,CHI@TBL,WIN,,UNDER,6.5,-134.0,6.067038791300274,-0.4329612086997256,0.5079173610304574,1.8031934694860272,,,,-0.0384054074813732,6.5,0.0,fanduel,,,,,,,,,,
2025-10-23 14:44:27,2025020111,ANA@BOS,LOSS,,UNDER,6.5,-110.0,5.989642371805891,-0.5103576281941091,0.535933311335735,2.0,,,,-0.0412642669007899,6.5,0.0,fanduel,,,,,,,,,,
2025-10-23 14:44:27,2025020115,DET@NYI,LOSS,,UNDER,6.5,-135.0,5.959184377318177,-0.5408156226818228,0.5248812454395894,1.7075859417037174,,,,-0.0400839854934147,6.5,0.0,draftkings,,,,,,,,,,
2025-10-23 14:44:27,2025020116,SJS@NYR,LOSS,,UNDER,6.5,-135.0,6.361523163159742,-0.1384768368402582,0.465404953404065,1.7075859417037174,,,,-0.0400839854934147,6.5,0.0,draftkings,,,,,,,,,,
2025-10-23 14:44:27,2025020117,UTA@STL,LOSS,,UNDER,6.5,-110.0,5.726959663140916,-0.7730403368590837,0.5750042979041137,2.0,,,,-0.0454545454545454,6.5,0.0,,,,,,,,,,,
2025-10-23 14:44:27,2025020122,MTL@EDM,LOSS,,UNDER,6.5,-110.0,5.844249168075296,-0.6557508319247036,0.5622999589431754,2.0,,,,-0.0454545454545454,6.5,0.0,,,,,,,,,,,
2025-10-23 14:48:00,2025020111,ANA@BOS,WIN,,OVER,6.5,-108.0,7.267494283042132,0.7674942830421321,0.847305247404408,2.0,,,,-0.0412642669007901,6.5,0.0,draftkings,,,,,,,,,,
2025-10-23 14:48:00,2025020112,PHI@OTT,LOSS,,OVER,5.5,-128.0,8.260136705789844,2.760136705789844,0.95,2.0,,,,-0.036231884057971,5.5,0.0,fanduel,,,,,,,,,,
2025-10-23 14:48:00,2025020114,PIT@FLA,WIN,,OVER,5.5,-132.0,6.446352937957677,0.9463529379576768,0.8707325925445425,2.0,,,,-0.034986782770953,5.5,0.0,fanduel,,,,,,,,,,
2025-10-23 14:48:00,2025020115,DET@NYI,LOSS,,UNDER,6.5,-135.0,5.374732513627328,-1.125267486372672,0.9365785519175496,2.0,,,,-0.0400839854934147,6.5,0.0,draftkings,,,,,,,,,,
2025-10-23 14:48:00,2025020116,SJS@NYR,LOSS,,UNDER,6.5,-135.0,5.783527170664908,-0.7164728293350917,0.876152867059082,2.0,,,,-0.0400839854934147,6.5,0.0,draftkings,,,,,,,,,,
2025-10-23 14:48:00,2025020118,VAN@NSH,LOSS,,OVER,5.5,-130.0,6.506165719587975,1.0061657195879752,0.8822294468757105,2.0,,,,-0.0397614314115307,5.5,0.0,draftkings,,,,,,,,,,
2025-10-23 14:48:00,2025020120,SEA@WPG,LOSS,,OVER,5.5,-115.0,6.3402247852985365,0.8402247852985365,0.8077962310750137,2.0,,,,-0.0337078651685393,5.5,0.0,fanduel,,,,,,,,,,
2025-10-23 14:48:00,2025020119,LAK@DAL,LOSS,,OVER,5.5,-120.0,6.919663417448502,1.4196634174485023,0.9415250128747708,2.0,,,,-0.0434782608695651,5.5,0.0,draftkings,,,,,,,,,,
2025-10-23 14:48:00,2025020122,MTL@EDM,WIN,,OVER,6.5,-110.0,8.403698239861745,1.903698239861745,0.95,2.0,,,,-0.0454545454545454,6.5,0.0,,,,,,,,,,,
2025-10-24 12:09:53,2025020124,SJS@NJD,WIN,,UNDER,6.5,-120.0,6.15803104950048,-0.3419689504995205,0.4890903804593043,2.0,,,,-0.0389273356401382,6.5,0.0,draftkings,,,,,,,,,,
2025-10-24 12:09:53,2025020125,WSH@CBJ,WIN,,UNDER,6.5,-132.0,5.697412985841597,-0.8025870141584033,0.5552400957032576,1.3530806771731023,,,,-0.034986782770953,6.5,0.0,fanduel,,,,,,,,,,
2025-10-24 12:09:53,2025020123,TOR@BUF,LOSS,,UNDER,6.5,-130.0,6.154045787478505,-0.3459542125214954,0.4880440954625359,1.6237226656833443,,,,-0.0314836678473043,6.5,0.0,draftkings,,,,,,,,,,
2025-10-24 13:54:46,2025020125,WSH@CBJ,WIN,,UNDER,6.5,-135.0,5.361822967255479,-1.1381770327445206,0.6186845309591614,2.0,,,,-0.0400839854934147,6.5,0.0,draftkings,,,,,,,,,,
2025-10-24 13:54:46,2025020123,TOR@BUF,LOSS,,UNDER,6.5,-125.0,6.011540939843608,-0.4884590601563925,0.5230936526373778,2.0,,,,-0.0393782383419688,6.5,0.0,draftkings,,,,,,,,,,
2025-10-25 10:17:04,2025020132,BUF@TOR,LOSS,,UNDER,6.5,-115.0,5.90586061635006,-0.5941393836499396,0.5121345795920141,2.0,,,,-0.0449620801733477,6.5,0.0,draftkings,,,,,,,,,,
2025-10-25 10:17:04,2025020134,CBJ@PIT,LOSS,,UNDER,6.5,-110.0,5.795967742118575,-0.7040322578814253,0.5915194496884448,2.0,,,,-0.0412642669007899,6.5,0.0,draftkings,,,,,,,,,,
2025-10-25 10:17:04,2025020133,STL@DET,LOSS,,UNDER,6.5,-110.0,5.4322072047264784,-1.0677927952735216,0.6451901169519884,2.0,,,,-0.0454545454545454,6.5,0.0,,,,,,,,,,,
2025-10-25 10:17:04,2025020136,MTL@VAN,LOSS,,UNDER,6.5,-110.0,5.315184631478083,-1.1848153685219174,0.6596640247826349,2.0,,,,-0.0454545454545454,6.5,0.0,,,,,,,,,,,
2025-10-26 09:25:43,2025020140,COL@NJD,LOSS,,UNDER,6.5,-130.0,5.967131693651706,-0.532868306348294,0.5234921434154272,2.0,,,,-0.0397614314115307,6.5,0.0,draftkings,,,,,,,,,,
2025-10-26 09:25:43,2025020141,VGK@TBL,WIN,,UNDER,6.5,-120.0,5.79260833496653,-0.7073916650334704,0.5499955785161884,2.0,,,,-0.0434782608695651,6.5,0.0,draftkings,,,,,,,,,,
2025-10-26 09:25:43,2025020142,SJS@MIN,LOSS,,UNDER,6.5,-118.0,5.978051365478439,-0.5219486345215607,0.5202098387350252,2.0,,,,-0.0441916999479077,6.5,0.0,draftkings,,,,,,,,,,
2025-10-26 09:25:43,2025020144,LAK@CHI,LOSS,,OVER,5.5,-130.0,5.8752579704525685,0.3752579704525685,0.5206942471781142,2.0,,,,-0.0397614314115307,5.5,0.0,draftkings,,,,,,,,,,
2025-10-26 09:25:43,2025020146,NYR@CGY,WIN,,OVER,5.5,-105.0,6.024738112944619,0.5247381129446191,0.5413697791922036,2.0,,,,-0.0347533632286994,5.5,0.0,draftkings,,,,,,,,,,
2025-10-26 09:25:43,2025020147,EDM@VAN,LOSS,,UNDER,6.5,-130.0,5.591716178513993,-0.9082838214860072,0.5816120721121497,2.0,,,,-0.0356012658227846,6.5,0.0,draftkings,,,,,,,,,,
2025-10-27 10:30:35,2025020148,STL@PIT,LOSS,,UNDER,6.5,-110.0,5.480085918715372,-1.019914081284628,0.5873666137730329,2.0,,,,-0.0454545454545454,6.5,0.0,,,,,,,,,,,
2025-10-27 10:30:35,2025020149,BOS@OTT,WIN,,OVER,5.5,-125.0,5.961347371232095,0.4613473712320948,0.5905105781167137,2.0,,,,-0.0350515463917524,5.5,0.0,draftkings,,,,,,,,,,
2025-10-31 13:57:25,2025020180,DET@ANA,LOSS,,UNDER,6.5,-115.0,5.957415816131513,-0.5425841838684873,0.5095762379562825,2.0,,,,-0.0427760803142732,6.5,0.0,draftkings,,,,,,,,,,
2025-10-31 14:12:35,2025020180,DET@ANA,LOSS,,UNDER,6.5,-115.0,5.745164308105112,-0.754835691894888,0.5634479697320577,2.0,,,,-0.0427760803142732,6.5,0.0,draftkings,,,,,,,,,,
2025-10-31 15:00:05,2025020178,COL@VGK,WIN,,UNDER,6.5,-115.0,6.377499678399121,-0.1225003216008788,0.4629430062960293,2.0,,,,-0.0449620801733477,6.5,0.0,draftkings,,,,,,,,,,
2025-10-31 15:00:05,2025020180,DET@ANA,LOSS,,UNDER,6.5,-115.0,5.8700492648227325,-0.6299507351772675,0.5671937355652844,2.0,,,,-0.0427760803142732,6.5,0.0,draftkings,,,,,,,,,,
2025-11-01 10:47:51,2025020186,WSH@BUF,LOSS,,UNDER,6.5,-112.0,6.048045250089813,-0.451954749910187,0.528678488863112,2.0,,,,-0.0411031090813281,6.5,0.0,draftkings,,,,,,,,,,
2025-11-01 10:47:51,2025020187,OTT@MTL,LOSS,,UNDER,6.5,-110.0,6.03852752685204,-0.4614724731479596,0.5300340363980784,2.0,,,,-0.0454545454545454,6.5,0.0,,,,,,,,,,,
2025-11-01 10:47:51,2025020189,STL@CBJ,WIN,,UNDER,6.5,-110.0,6.005703457444541,-0.4942965425554586,0.5350816936638871,2.0,,,,-0.0454545454545454,6.5,0.0,,,,,,,,,,,
2025-11-02 10:05:29,2025020197,NJD@ANA,WIN,,UNDER,6.5,-110.0,5.411354223018701,-1.0886457769812994,0.5983506450138248,2.0,,,,-0.0454545454545454,6.5,0.0,draftkings,,,,,,,,,,
2025-11-02 10:05:29,2025020198,DET@SJS,WIN,,UNDER,6.5,-102.0,6.235179111461702,-0.2648208885382983,0.476229337889854,2.0,,,,-0.0383082373782108,6.5,0.0,fanduel,,,,,,,,,,
2025-11-03 09:06:33,2025020199,PIT@TOR,LOSS,,UNDER,6.5,-110.0,6.010260679115121,-0.4897393208848788,0.4974814051645754,2.0,,,,-0.0347533632286993,6.5,0.0,fanduel,,,,,,,,,,
2025-11-03 09:06:33,2025020201,VAN@NSH,WIN,,OVER,5.5,-115.0,6.026041533461607,0.5260415334616066,0.4620743843733752,2.0,,,,-0.0427760803142732,5.5,0.0,draftkings,,,,,,,,,,
2025-11-03 09:06:33,2025020200,EDM@STL,WIN,,UNDER,6.5,-110.0,5.670459768580038,-0.829540231419962,0.5468344802432641,2.0,,,,-0.0454545454545454,6.5,0.0,,,,,,,,,,,
2025-11-03 09:06:33,2025020202,CHI@SEA,LOSS,,OVER,5.5,-130.0,6.099619668530412,0.599619668530412,0.4708567519859474,0.1320216908632038,,,,-0.0397614314115307,5.5,0.0,fanduel,,,,,,,,,,
2025-11-03 15:09:51,2025020199,PIT@TOR,LOSS,,UNDER,6.5,-106.0,5.993783919648726,-0.5062160803512743,0.4956984282893359,2.0,,,,-0.0369545859305433,6.5,0.0,fanduel,,,,,,,,,,
2025-11-03 15:09:51,2025020200,EDM@STL,WIN,,UNDER,6.5,-110.0,5.721574980947327,-0.7784250190526727,0.5351115075101298,2.0,,,,-0.0454545454545454,6.5,0.0,,,,,,,,,,,
2025-11-04 11:38:48,2025020203,UTA@BUF,WIN,,UNDER,6.5,-115.0,5.745712763534434,-0.754287236465566,0.5298439424695014,2.0,,,,-0.0337078651685393,6.5,0.0,draftkings,,,,,,,,,,
2025-11-04 11:38:48,2025020204,PHI@MTL,LOSS,,UNDER,6.5,-110.0,6.030737785062014,-0.4692622149379861,0.4851049687154456,2.0,,,,-0.0454545454545454,6.5,0.0,,,,,,,,,,,
2025-11-04 11:38:48,2025020208,NSH@MIN,WIN,,UNDER,6.5,-122.0,6.183331834396805,-0.3166681656031951,0.4808477214168044,2.0,,,,-0.0382262996941896,6.5,0.0,draftkings,,,,,,,,,,
2025-11-04 11:38:48,2025020209,TBL@COL,WIN,,UNDER,6.5,-134.0,5.624956401347553,-0.8750435986524474,0.575820077996964,1.641522710491884,,,,-0.0384054074813732,6.5,0.0,fanduel,,,,,,,,,,
2025-11-04 11:38:48,2025020211,FLA@ANA,LOSS,,UNDER,6.5,-130.0,5.591821798390934,-0.9081782016090658,0.5820163431376432,2.0,,,,-0.0356012658227846,6.5,0.0,draftkings,,,,,,,,,,
2025-11-04 11:38:48,2025020210,DET@VGK,WIN,,UNDER,6.5,-134.0,5.560464540479535,-0.9395354595204656,0.5889218222422608,1.641522710491884,,,,-0.0384054074813732,6.5,0.0,fanduel,,,,,,,,,,
2025-11-04 13:29:33,2025020203,UTA@BUF,WIN,,UNDER,6.5,-115.0,5.853780662996455,-0.6462193370035454,0.557695000539737,2.0,,,,-0.0244661921708185,6.5,0.0,draftkings,,,,,,,,,,
2025-11-04 13:29:33,2025020208,NSH@MIN,WIN,,UNDER,6.5,-118.0,6.173513535882149,-0.3264864641178508,0.5130578133506644,2.0,,,,-0.0396475770925111,6.5,0.0,draftkings,,,,,,,,,,
2025-11-04 13:29:33,2025020209,TBL@COL,WIN,,UNDER,6.5,-125.0,5.8921396357799445,-0.6078603642200555,0.5570392692480474,2.0,,,,-0.0307692307692306,6.5,0.0,draftkings,,,,,,,,,,
2025-11-04 13:29:33,2025020211,FLA@ANA,LOSS,,UNDER,6.5,-130.0,5.464416875152399,-1.0355831248476015,0.6212632046344512,2.0,,,,-0.0356012658227846,6.5,0.0,draftkings,,,,,,,,,,
2025-11-04 13:29:33,2025020210,DET@VGK,WIN,,UNDER,6.5,-134.0,5.758256096186468,-0.7417439038135321,0.580345672129441,2.0,,,,-0.0384054074813732,6.5,0.0,fanduel,,,,,,,,,,
2025-11-04 14:02:02,2025020203,UTA@BUF,WIN,,UNDER,6.5,-115.0,5.9021165493249,-0.5978834506751003,0.5298588540340965,2.0,,,,-0.0244661921708185,6.5,0.0,draftkings,,,,,,,,,,
2025-11-04 14:02:02,2025020204,PHI@MTL,LOSS,,UNDER,6.5,-110.0,6.044561686420801,-0.455438313579199,0.5060875103435228,2.0,,,,-0.0454545454545454,6.5,0.0,,,,,,,,,,,
2025-11-04 14:02:02,2025020208,NSH@MIN,WIN,,UNDER,6.5,-118.0,6.052472219934473,-0.4475277800655268,0.5101300789444533,2.0,,,,-0.0396475770925111,6.5,0.0,draftkings,,,,,,,,,,
2025-11-04 14:02:02,2025020209,TBL@COL,WIN,,UNDER,6.5,-125.0,5.846065458805973,-0.6539345411940269,0.5430869555809975,2.0,,,,-0.0350515463917524,6.5,0.0,draftkings,,,,,,,,,,
2025-11-04 14:02:02,2025020211,FLA@ANA,LOSS,,UNDER,6.5,-130.0,5.801137347898102,-0.6988626521018979,0.5510175601262727,2.0,,,,-0.0356012658227846,6.5,0.0,draftkings,,,,,,,,,,
2025-11-04 14:02:02,2025020210,DET@VGK,WIN,,UNDER,6.5,-134.0,5.660501455322734,-0.8394985446772658,0.5739934266814738,1.616373674622464,,,,-0.0384054074813732,6.5,0.0,fanduel,,,,,,,,,,
2025-11-07 13:15:05,2025020227,NYR@DET,LOSS,,OVER,5.5,-130.0,5.904990029157885,0.4049900291578847,0.5211838480003564,2.0,,,,-0.0356012658227846,5.5,0.0,draftkings,,,,,,,(6.20 G/G),,,6.2
2025-11-07 14:54:03,2025020227,NYR@DET,LOSS,,OVER,5.5,-135.0,6.282146204869854,0.7821462048698544,0.5546694098362951,2.0,,,,-0.0400839854934147,5.5,0.0,draftkings,,,,,,,(6.20 G/G),,,6.2
2025-11-07 15:34:56,2025020228,MIN@NYI,LOSS,,UNDER,6.5,-105.0,6.28306917731132,-0.2169308226886803,0.4614457092189236,2.0,,,,-0.0429755671902268,6.5,0.0,draftkings,,,,,,,(6.20 G/G),,,6.2
2025-11-07 15:34:56,2025020230,WPG@SJS,WIN,,UNDER,6.5,-120.0,6.276600863483125,-0.2233991365168748,0.4752734024289521,2.0,,,,-0.0299657534246575,6.5,0.0,draftkings,,,,,,,(6.20 G/G),,,6.2
2025-11-08 08:39:49,2025020235,UTA@MTL,LOSS,,UNDER,6.5,-110.0,5.929812763559239,-0.570187236440761,0.5863608681040335,2.0,,,,-0.0454545454545454,6.5,0.0,,,,,,,,(6.20 G/G),,,6.2
2025-11-08 08:39:49,2025020239,SEA@STL,LOSS,,UNDER,6.5,-110.0,5.937819504631251,-0.5621804953687493,0.5855804650052082,2.0,,,,-0.0454545454545454,6.5,0.0,,,,,,,,(6.20 G/G),,,6.2
2025-11-08 08:39:49,2025020241,CBJ@VAN,LOSS,,UNDER,6.5,-120.0,5.6149731920674855,-0.8850268079325145,0.6380872756763502,2.0,,,,-0.0389273356401382,6.5,0.0,fanduel,,,,,,,(6.20 G/G),,,6.2
2025-11-08 08:39:49,2025020240,COL@EDM,LOSS,,UNDER,6.5,-118.0,5.503523846293136,-0.9964761537068636,0.6552268853490486,2.0,,,,-0.0396475770925111,6.5,0.0,draftkings,,,,,,,(6.20 G/G),,,6.2
2025-11-08 12:27:04,2025020238,BUF@CAR,LOSS,,UNDER,6.5,-120.0,5.805334910817904,-0.694665089182096,0.8732301601738376,2.0,,,,-0.0434782608695651,6.5,0.0,draftkings,,,,,,,(6.20 G/G),,,6.2
2025-11-08 12:27:04,2025020239,SEA@STL,LOSS,,UNDER,6.5,-110.0,5.60427869021837,-0.8957213097816297,0.9012972514384748,2.0,,,,-0.0454545454545454,6.5,0.0,,,,,,,,(6.20 G/G),,,6.2
2025-11-08 12:27:04,2025020235,UTA@MTL,LOSS,,UNDER,6.5,-110.0,5.050952173623184,-1.449047826376816,0.95,2.0,,,,-0.0454545454545454,6.5,0.0,,,,,,,,(6.20 G/G),,,6.2
2025-11-08 12:27:04,2025020234,BOS@TOR,LOSS,,UNDER,6.0,114.0,5.510297615711663,-0.4897023842883374,0.7298503506306379,2.0,,,,0.0699999999999998,6.0,0.0,fanduel,,,,,,,(6.20 G/G),,,6.2
2025-11-08 12:27:04,2025020241,CBJ@VAN,LOSS,,UNDER,6.5,-120.0,5.116423954854305,-1.3835760451456949,0.95,2.0,,,,-0.0389273356401382,6.5,0.0,fanduel,,,,,,,(6.20 G/G),,,6.2
2025-11-08 12:27:04,2025020240,COL@EDM,LOSS,,UNDER,6.5,-118.0,5.426490902779139,-1.0735090972208612,0.9332219260618914,2.0,,,,-0.0396475770925111,6.5,0.0,draftkings,,,,,,,(6.20 G/G),,,6.2
2025-11-08 12:27:04,2025020243,FLA@SJS,WIN,,UNDER,6.5,-118.0,4.918438678203821,-1.5815613217961788,0.95,2.0,,,,-0.0350600403190465,6.5,0.0,draftkings,,,,,,,(6.20 G/G),,,6.2
2025-11-09 08:56:39,2025020244,CHI@DET,WIN,,UNDER,6.5,-134.0,6.045413040904108,-0.4545869590958924,0.8380569057493958,2.0,,,,-0.0384054074813732,6.5,0.0,fanduel,,,,,,,,,,
2025-11-09 08:56:39,2025020247,UTA@OTT,WIN,,UNDER,6.5,-130.0,5.881548536240821,-0.6184514637591789,0.6967271413267669,2.0,,,,-0.0397614314115307,6.5,0.0,draftkings,,,,,,,,,,
2025-11-09 08:56:39,2025020250,COL@VAN,WIN,,OVER,6.5,105.0,7.192517140018122,0.692517140018122,0.5108495622476716,2.0,,,,-0.0415584415584415,6.5,0.0,draftkings,,,,,,,,,,
2025-11-10 14:22:18,2025020252,NYI@NJD,LOSS,,OVER,6.5,106.0,8.262254776588048,1.7622547765880476,0.7301223297498712,2.0,,,,-0.0393782383419689,6.5,0.0,fanduel,,,,,,,,,,
2025-11-10 14:22:18,2025020255,FLA@VGK,LOSS,,OVER,5.5,-130.0,7.00792622094408,1.5079262209440802,0.6838475508247741,2.0,,,,-0.0397614314115307,5.5,0.0,fanduel,,,,,,,,,,
2025-11-11 11:49:54,2025020260,CGY@STL,WIN,,UNDER,6.5,-110.0,6.378717811597824,-0.1212821884021764,0.7879385571179671,2.0,,,,-0.0454545454545454,6.5,0.0,,,,,,,,,,,
2025-11-14 09:53:11,2025020281,PIT@NSH,WIN,,UNDER,6.5,100.0,5.823020673434148,-0.6769793265658519,0.8722616656714489,2.0,,,,0.0147783251231528,6.5,0.0,BetMGM,,,,,,,,,,
2025-11-14 09:53:11,2025020279,VAN@CAR,WIN,,OVER,6.5,106.0,6.962092989673613,0.4620929896736125,0.5314394031813353,2.0,,,,-0.0299657534246575,6.5,0.0,LowVig.ag,,,,,,,,,,
2025-11-14 09:53:11,2025020282,NYI@UTA,LOSS,,OVER,6.5,-105.0,7.307263517883712,0.8072635178837118,0.5121406745060103,2.0,,,,-0.0304683947248749,6.5,0.0,DraftKings,,,,,,,,,,
2025-11-14 10:32:16,2025020280,PHI@STL,WIN,,OVER,6.5,-110.0,6.951240301190352,0.4512403011903521,0.4494755563046456,2.0,,,,-0.0454545454545454,6.5,0.0,,,,,,,,,,,
2025-11-14 12:03:04,2025020279,VAN@CAR,LOSS,,UNDER,6.5,-120.0,5.7043661603399,-0.7956338396601002,0.88874027053825,2.0,,,,-0.0299657534246575,6.5,0.0,DraftKings,,,,,,,,,,
2025-11-14 13:28:26,2025020281,PIT@NSH,LOSS,,OVER,6.0,106.0,6.440830540041356,0.4408305400413557,0.4766985520471463,2.0,,,,0.0199019607843138,6.0,0.0,LowVig.ag,,,,,,,,,,
2025-11-14 13:28:26,2025020280,PHI@STL,LOSS,,UNDER,6.5,-110.0,5.777731576800542,-0.7222684231994583,0.7460979191404674,2.0,,,,-0.0454545454545454,6.5,0.0,,,,,,,,,,,
2025-11-14 13:48:35,2025020279,VAN@CAR,WIN,,OVER,6.5,106.0,7.068483757604681,0.5684837576046808,0.4643903710619408,2.0,,,,-0.0299657534246575,6.5,0.0,LowVig.ag,,,,,,,,,,
2025-11-14 13:48:35,2025020282,NYI@UTA,LOSS,,OVER,6.5,-106.0,7.1498656442204185,0.6498656442204185,0.4713824965643497,2.0,,,,-0.0326891818674372,6.5,0.0,FanDuel,,,,,,,,,,
2025-11-14 14:10:55,2025020282,NYI@UTA,LOSS,,OVER,6.5,-106.0,7.480855856541753,0.9808558565417532,0.5896913225799202,2.0,,,,-0.0326891818674372,6.5,0.0,FanDuel,,,,,,,,,,
2025-11-14 14:27:32,2025020282,NYI@UTA,LOSS,,OVER,6.5,-106.0,6.902299306179933,0.4022993061799331,0.4363198784006635,2.0,,,,-0.0326891818674372,6.5,0.0,FanDuel,,,,,,,,,,
2025-11-15 13:12:02,2025020284,ANA@MIN,WIN,,UNDER,6.5,-105.0,5.705636540313455,-0.7943634596865454,0.8868769793656684,2.0,,,,-0.026060885608856,6.5,0.0,DraftKings,,,,,,,,,,
2025-11-15 13:12:02,2025020291,TOR@CHI,LOSS,,OVER,6.5,102.0,7.043615618460017,0.5436156184600174,0.514910553845921,2.0,,,,0.024780487804878,6.5,0.0,DraftKings,,,,,,,,,,
2025-11-15 13:12:02,2025020289,EDM@CAR,WIN,,OVER,6.5,104.0,7.313169745913758,0.8131697459137577,0.8521178182521058,2.0,,,,-0.0244661921708185,6.5,0.0,LowVig.ag,,,,,,,,,,
2025-11-15 13:12:02,2025020285,BOS@MTL,LOSS,,OVER,6.5,-110.0,6.86572630496115,0.3657263049611501,0.488600965045074,2.0,,,,-0.0454545454545454,6.5,0.0,,,,,,,,,,,
2025-11-15 13:12:02,2025020287,BUF@DET,WIN,,OVER,6.5,100.0,7.134546434461777,0.634546434461777,0.826568331805374,2.0,,,,-0.0188679245283017,6.5,0.0,BetRivers,,,,,,,,,,
2025-11-15 13:12:02,2025020286,LAK@OTT,LOSS,,OVER,5.5,-108.0,6.514198538596789,1.0141985385967889,0.5894640620301208,2.0,,,,-0.0304683947248749,5.5,0.0,LowVig.ag,,,,,,,,,,
2025-11-15 13:12:02,2025020288,NJD@WSH,LOSS,,OVER,5.5,-113.0,7.359728232232159,1.85972823223216,0.95,2.0,,,,-0.0296127562642368,5.5,0.0,LowVig.ag,,,,,,,,,,
2025-11-15 13:12:02,2025020293,PHI@DAL,WIN,,OVER,5.5,102.0,7.075858857337675,1.5758588573376748,0.95,2.0,,,,0.01,5.5,0.0,Bovada,,,,,,,,,,
2025-11-15 13:12:02,2025020294,WPG@CGY,WIN,,OVER,5.5,-114.0,6.825976095267484,1.3259760952674835,0.9280830758062474,2.0,,,,-0.0270099936976682,5.5,0.0,LowVig.ag,,,,,,,,,,
2025-11-15 13:12:02,2025020295,SJS@SEA,LOSS,,OVER,6.0,-101.0,7.390418284209756,1.3904182842097557,0.6391966761545544,2.0,,,,0.0311645970177877,6.0,0.0,LowVig.ag,,,,,,,,,,
2025-11-17 12:32:17,2025020302,EDM@BUF,WIN,,UNDER,6.5,102.0,6.201442271072354,-0.298557728927646,0.6150231954305362,2.0,,,,-0.0270099936976681,6.5,0.0,DraftKings,,,,,,,,,,
2025-11-17 12:48:27,2025020301,CAR@BOS,WIN,,UNDER,6.5,-105.0,5.828205984040032,-0.6717940159599678,0.546189596184589,2.0,,,,-0.0023854961832061,6.5,0.0,BetRivers,,,,,,,,,,
2025-11-17 13:25:54,2025020302,EDM@BUF,WIN,,UNDER,6.5,102.0,6.28963253472563,-0.2103674652743699,0.8020540390109367,2.0,,,,-0.0270099936976681,6.5,0.0,DraftKings,,,,,,,"Corey Syvret, Kendrick Nicholson (6.05 G/G)",,,6.05
2025-11-17 13:25:54,2025020306,UTA@ANA,LOSS,,OVER,6.5,-103.0,6.895060131667459,0.3950601316674591,0.4410857344388968,2.0,,,,-0.021480718831898,6.5,0.0,Bovada,,,,,,,"Brandon Schrader, Chris Lee (6.10 G/G)",,,6.1
2025-11-20 17:23:06,2025020321,NYI@DET,LOSS,,OVER,6.0,110.0,7.3688186597105725,1.3688186597105725,0.7688485348368604,2.0,,,,0.024390243902439,6.0,0.0,DraftKings,,,,,,,"Mitch Dunning, Garrett Rank (5.90 G/G)",,,5.9
2025-11-20 17:23:06,2025020324,STL@PHI,WIN,,UNDER,6.5,-110.0,6.143442639404655,-0.3565573605953451,0.5545476510679429,2.0,,,,-0.0454545454545454,6.5,0.0,,,,,,,,"Jon Mclsaac, Michael Sullivan (6.30 G/G)",,,6.3
2025-11-20 17:23:06,2025020325,SEA@CHI,LOSS,,OVER,5.5,-115.0,6.870371597326717,1.3703715973267174,0.9208606465237128,2.0,,,,-0.0244661921708185,5.5,0.0,MyBookie.ag,,,,,,,"Justin Kea, Jean Hebert (5.95 G/G)",,,5.95
2025-11-20 17:23:06,2025020327,VGK@UTA,LOSS,,OVER,6.0,100.0,7.846936941624281,1.846936941624281,0.95,2.0,,,,0.024390243902439,6.0,0.0,Bovada,,,,,,,"Eric Furlatt, Liam Maaskant (2.85 G/G)",,,2.85
2025-11-21 11:03:35,2025020331,CHI@BUF,WIN,,OVER,6.0,106.0,8.593131746042996,2.593131746042996,0.799606902485169,1.2,FanDuel,2025-11,0.6,0.6666666666666666,0.4854368932038835,0.4950980392156863,0.019901960784313832,,(5.53 G/G),5.533333333333332,,,,6.0,,,0.0
2025-11-21 11:03:35,2025020332,MIN@PIT,LOSS,,OVER,6.0,-103.0,7.899928794664785,1.8999287946647847,0.6869540989457784,1.2,LowVig.ag,2025-11,0.6,0.6666666666666666,0.5073891625615764,0.5205705918473383,0.025978933446695995,,(5.53 G/G),5.533333333333332,,,,6.0,,,0.0
2025-11-21 11:03:35,2025020333,CAR@WPG,WIN,,OVER,6.0,114.0,7.70455202801978,1.70455202801978,0.6476362265001143,1.2,DraftKings,2025-11,0.6,0.6666666666666666,0.4672897196261683,0.4976525821596245,0.0649765258215963,,(5.53 G/G),5.533333333333332,,,,6.0,,,0.0
2025-11-21 12:24:04,2025020333,CAR@WPG,LOSS,,UNDER,6.5,102.0,5.118743012360323,-1.3812569876396772,0.6902848749304106,1.4,BetRivers,2025-11,0.7,0.7634294618783987,0.495049504950495,0.5,0.010000000000000009,0.16188506160625954,(5.53 G/G),5.533333333333332,,,,6.5,,,0.0
2025-11-21 12:53:20,2025020331,CHI@BUF,WIN,,OVER,6.0,105.0,9.737022770489537,3.7370227704895367,0.8762388072453862,1.2,DraftKings,2025-11,0.6,1.0,0.4878048780487805,0.5,0.02499999999999991,,(5.53 G/G),5.533333333333332,,,,6.0,,,0.0
2025-11-21 12:53:20,2025020332,MIN@PIT,LOSS,,OVER,6.0,-103.0,7.678200384762153,1.6782003847621532,0.8762388072453862,1.2,LowVig.ag,2025-11,0.6,1.0,0.5073891625615764,0.5205705918473383,0.025978933446695995,,(5.53 G/G),5.533333333333332,,,,6.0,,,0.0
2025-11-21 12:53:20,2025020333,CAR@WPG,WIN,,OVER,6.5,-101.0,7.31811390571427,0.8181139057142701,0.4600082041168797,0.0,LowVig.ag,2025-11,0.6,0.4307692307692308,0.5024875621890548,0.5037282109525456,0.0024690138758580726,0.13980582524271845,(5.53 G/G),5.533333333333332,,,,6.5,,,0.0
2025-11-21 12:53:20,2025020334,BOS@LAK,LOSS,,OVER,5.5,-114.0,6.466161066037996,0.966161066037996,0.8133910112307937,1.2,LowVig.ag,2025-11,0.6,1.0,0.5327102803738317,0.5158371040723981,-0.031674208144796434,,(5.53 G/G),5.533333333333332,,,,5.5,,,0.0
2025-11-21 13:24:45,2025020331,CHI@BUF,WIN,,OVER,6.0,105.0,7.591219392945685,1.5912193929456846,0.8742388072453862,1.2,DraftKings,2025-11,0.6,1.0,0.4878048780487805,0.5,0.02499999999999991,,(5.53 G/G),5.533333333333332,,,,6.0,,,0.0
2025-11-21 13:24:45,2025020332,MIN@PIT,LOSS,,OVER,6.0,-103.0,7.017224245737975,1.0172242457379754,0.6532314627717077,1.2,LowVig.ag,2025-11,0.6,0.7830112733320316,0.5073891625615764,0.5205705918473383,0.025978933446695995,,(5.53 G/G),5.533333333333332,,,,6.0,,,0.0
2025-11-21 13:24:45,2025020333,CAR@WPG,LOSS,,UNDER,6.5,102.0,7.002284154909262,0.5022841549092618,0.4532571061574511,0.0,BetRivers,2025-11,0.7,0.5945945945945945,0.495049504950495,0.4962717890474544,0.0024690138758579616,0.1219429577941874,(5.53 G/G),5.533333333333332,,,,6.5,,,0.0
2025-11-21 13:24:45,2025020334,BOS@LAK,LOSS,,OVER,5.5,-114.0,5.9490103066323625,0.4490103066323625,0.7415903532402406,1.2,LowVig.ag,2025-11,0.6,1.0,0.5327102803738317,0.5158371040723981,-0.031674208144796434,,(5.53 G/G),5.533333333333332,,,,5.5,,,0.0
2025-11-21 14:13:15,2025020331,CHI@BUF,WIN,,OVER,6.0,105.0,5.464913567818378,-0.5350864321816218,0.3039765195473769,0.0,DraftKings,2025-11,0.6,0.4343434343434343,0.4878048780487805,0.5,0.02499999999999991,,(5.53 G/G),5.533333333333332,,,,6.0,,,0.0
2025-11-21 14:13:15,2025020332,MIN@PIT,WIN,,UNDER,6.0,114.0,5.101376355263899,-0.8986236447361007,0.5932426867112782,1.2,DraftKings,2025-11,0.6,0.7277629159443462,0.4672897196261683,0.4830917874396135,0.033816425120772875,,(5.53 G/G),5.533333333333332,,,,6.0,,,0.0
2025-11-21 14:13:15,2025020333,CAR@WPG,LOSS,,UNDER,6.5,102.0,4.833503641322378,-1.6664963586776222,0.6475465943803629,1.4,BetRivers,2025-11,0.7,0.6666666666666667,0.495049504950495,0.4962717890474544,0.0024690138758579616,0.10185604345857854,(5.53 G/G),5.533333333333332,,,,6.5,,,0.0
2025-11-21 14:13:15,2025020334,BOS@LAK,WIN,,UNDER,5.5,102.0,5.624152945307263,0.1241529453072631,0.336195082374809,0.0,Bovada,2025-11,0.7,0.5416666666666667,0.495049504950495,0.4816782209417484,-0.0270099936976681,,(5.53 G/G),5.533333333333332,,,,5.5,,,0.0
2025-11-21 14:34:17,2025020331,CHI@BUF,WIN,,OVER,6.0,105.0,7.961509461403844,1.9615094614038444,0.5350679661819902,0.0,DraftKings,2025-11,0.6,0.4657534246575342,0.4878048780487805,0.5,0.02499999999999991,,"Furman South, Peter MacDougall (5.60 G/G)",5.6,,,,6.0,,,0.0
2025-11-21 14:34:17,2025020332,MIN@PIT,LOSS,,OVER,6.0,100.0,7.67933346637562,1.6793334663756203,0.5007415669277566,0.0,Bovada,2025-11,0.7,0.4657534246575342,0.5,0.5169082125603864,0.033816425120772875,,"Jean Hebert, Kendrick Nicholson (6.15 G/G)",6.15,,,,6.0,,,0.0
2025-11-21 14:34:17,2025020333,CAR@WPG,WIN,,OVER,6.5,-101.0,7.436839827390249,0.9368398273902488,0.4561620416278961,0.0,LowVig.ag,2025-11,0.6,0.4657534246575342,0.5024875621890548,0.5037282109525456,0.0024690138758580726,0.09507711810690894,"Brandon Blandina, Graham Skilliter (5.95 G/G)",5.95,,,,6.5,,,0.0
2025-11-21 14:34:17,2025020334,BOS@LAK,WIN,,UNDER,5.5,-102.0,5.543971011367846,0.0439710113678462,0.3022317192245357,0.0,LowVig.ag,2025-11,0.6,0.5342465753424658,0.504950495049505,0.4866238630283574,-0.03629391831639012,,"Eric Furlatt, Cody Beach (5.95 G/G)",5.95,,,,5.5,,,0.0
2025-11-21 15:58:19,2025020331,CHI@BUF,WIN,,OVER,6.0,105.0,5.650664541020799,-0.3493354589792012,0.2761800832711077,0.0,DraftKings,2025-11,0.6,0.4231738035264483,0.4878048780487805,0.5,0.02499999999999991,,"Furman South, Peter MacDougall (5.60 G/G)",5.6,,,,6.0,,,0.0
2025-11-21 15:58:19,2025020332,MIN@PIT,WIN,,UNDER,6.0,114.0,5.71276051347159,-0.28723948652841,0.2578637730458064,0.0,DraftKings,2025-11,0.6,0.4183761964735517,0.4672897196261683,0.4794294081526616,0.025978933446695773,,"Jean Hebert, Kendrick Nicholson (6.15 G/G)",6.15,,,,6.0,,,0.0
2025-11-21 15:58:19,2025020333,CAR@WPG,LOSS,,UNDER,6.5,102.0,4.645409103987285,-1.8545908960127149,0.8642388072453862,1.4,BetRivers,2025-11,0.7,1.0,0.495049504950495,0.4962717890474544,0.0024690138758579616,0.07508133811629265,"Brandon Blandina, Graham Skilliter (5.95 G/G)",5.95,,,,6.5,,,0.0
2025-11-21 15:58:19,2025020334,BOS@LAK,LOSS,,OVER,5.5,-110.0,5.956875806937707,0.456875806937707,0.4781035116193756,1.2,LowVig.ag,2025-11,0.6,0.6666666666666666,0.5238095238095238,0.5079617834394904,-0.030254777070063743,,"Eric Furlatt, Cody Beach (5.95 G/G)",5.95,,,,5.5,,,0.0
2025-11-22 12:53:42,2025020335,CBJ@DET,LOSS,,UNDER,6.5,-115.0,-0.8389825134826076,-7.338982513482607,0.9104727911943752,0.4251737812819793,LowVig.ag,2025-11,0.6,1.0,0.5348837209302326,0.5156145438322552,-0.036024983270131594,,"Kyle Rehman, Jon Mclsaac (6.05 G/G)",6.05,,,,6.5,,,0.0
2025-11-22 12:53:42,2025020336,STL@NYI,WIN,,UNDER,6.5,-110.0,-0.8152950720356897,-7.31529507203569,0.922588878322682,0.5324955016712322,,2025-11,0.7514510891038354,1.0,0.5238095238095238,0.5,-0.045454545454545414,,"TJ Luxmore, Jake Brenk (6.00 G/G)",6.0,,,,6.5,,,0.0
2025-11-22 12:53:42,2025020337,TOR@MTL,LOSS,,UNDER,6.5,-110.0,-0.8829599142347002,-7.3829599142347,0.922588878322682,0.5324955016712322,,2025-11,0.7514510891038354,1.0,0.5238095238095238,0.5,-0.045454545454545414,,"Chris Lee, Justin Kea (6.00 G/G)",6.0,,,,6.5,,,0.0
2025-11-22 12:53:42,2025020338,EDM@FLA,LOSS,,UNDER,6.0,114.0,-1.0195405877338777,-7.019540587733878,0.9104727911943752,0.4251737812819793,DraftKings,2025-11,0.6,1.0,0.4672897196261683,0.4806319596459503,0.02855239364233353,,"Frederick L'Ecuyer, Wes McCauley (6.15 G/G)",6.15,,,,6.0,,,0.0
2025-11-22 12:53:42,2025020339,NJD@PHI,LOSS,,UNDER,5.5,-115.0,-0.8079164218957968,-6.307916421895797,0.922588878322682,0.5324955016712322,BetUS,2025-11,0.7514510891038354,1.0,0.5348837209302326,0.5168539325842697,-0.0337078651685393,,"Jean Hebert, Corey Syvret (5.90 G/G)",5.9,,,,5.5,,,0.0
2025-11-22 12:53:42,2025020340,SEA@PIT,WIN,,UNDER,5.5,106.0,-0.8599322018240508,-6.3599322018240505,0.9104727911943752,0.4251737812819793,FanDuel,2025-11,0.6,1.0,0.4854368932038835,0.4926108374384236,0.014778325123152802,,"Kendrick Nicholson, Stephen Hiff (6.10 G/G)",6.1,,,,5.5,,,0.0
2025-11-22 12:53:42,2025020341,TBL@WSH,LOSS,,UNDER,6.0,112.0,-0.8565723564190776,-6.856572356419077,0.9104727911943752,0.4251737812819793,FanDuel,2025-11,0.6,1.0,0.4716981132075471,0.4854368932038835,0.029126213592233108,,"Mitch Dunning, Tom Chmielewski (6.15 G/G)",6.15,,,,6.0,,,0.0
2025-11-22 12:53:42,2025020342,OTT@SJS,WIN,,UNDER,5.5,102.0,-0.8114234564173629,-6.311423456417363,0.9104727911943752,0.4251737812819793,DraftKings,2025-11,0.6,1.0,0.495049504950495,0.5085158150851581,0.027201946472019345,,"Gord Dwyer, Chris Schlenker (6.05 G/G)",6.05,,,,5.5,,,0.0
2025-11-22 12:53:42,2025020343,COL@NSH,WIN,,UNDER,6.0,-105.0,-0.8307487705942364,-6.830748770594236,0.922588878322682,0.5324955016712322,BetMGM,2025-11,0.7514510891038354,1.0,0.5121951219512195,0.5298165137614679,0.0344036697247706,,"Kelly Sutherland, Jordan Samuels-Thomas (6.35 G/G)",6.35,,,,6.0,,,0.0
2025-11-22 12:53:42,2025020344,NYR@UTA,WIN,,UNDER,6.0,106.0,-0.7431962231642152,-6.743196223164215,0.9104727911943752,0.4251737812819793,FanDuel,2025-11,0.6,1.0,0.4854368932038835,0.4975609756097561,0.024975609756097583,,"Cody Beach, Trevor Hanson (6.00 G/G)",6.0,,,,6.0,,,0.0
2025-11-22 12:53:42,2025020345,DAL@CGY,WIN,,UNDER,6.0,110.0,-0.8206999294459008,-6.820699929445901,0.9104727911943752,0.4251737812819793,DraftKings,2025-11,0.6,1.0,0.4761904761904761,0.5,0.050000000000000044,,"Brandon Blandina, Francois St Laurent (5.75 G/G)",5.75,,,,6.0,,,0.0
2025-11-22 12:53:42,2025020346,VGK@ANA,LOSS,,UNDER,6.0,102.0,-0.751004370274857,-6.751004370274857,0.922588878322682,0.5324955016712322,BetRivers,2025-11,0.7514510891038354,1.0,0.495049504950495,0.5036855036855037,0.017444717444717428,,"Michael Markovic, Eric Furlatt (5.85 G/G)",5.85,,,,6.0,,,0.0
2025-11-22 13:54:07,2025020335,CBJ@DET,WIN,,OVER,5.5,115.0,6.017524952128912,0.5175249521289116,0.4337776308059434,1.4,BetMGM,2025-11,0.7,0.5714285714285714,0.4651162790697674,0.451422963689892,-0.02944062806673209,-0.9933774834437087,"Kyle Rehman, Jon Mclsaac (6.05 G/G)",6.05,,,,5.5,,,0.0
2025-11-22 13:54:07,2025020337,TOR@MTL,LOSS,,UNDER,6.5,-110.0,5.949802335630161,-0.550197664369839,0.4863763901473866,1.4,,2025-11,0.7,0.5877659574468085,0.5238095238095238,0.5,-0.045454545454545414,,"Chris Lee, Justin Kea (6.00 G/G)",6.0,,,,6.5,,,0.0
2025-11-22 13:54:07,2025020339,NJD@PHI,WIN,,OVER,5.5,100.0,6.842723978942637,1.3427239789426366,0.5687774818488605,1.2,LowVig.ag,2025-11,0.6,0.5714285714285714,0.5,0.4831460674157303,-0.03370786516853941,,"Jean Hebert, Corey Syvret (5.90 G/G)",5.9,,,,5.5,,,0.0
2025-11-22 13:54:07,2025020345,DAL@CGY,LOSS,,OVER,6.0,114.0,6.862195323118112,0.8621953231181116,0.4991302386104128,1.2,FanDuel,2025-11,0.6,0.5714285714285714,0.4672897196261683,0.4952830188679246,0.05990566037735845,,"Brandon Blandina, Francois St Laurent (5.75 G/G)",5.75,,,,6.0,,,0.0
2025-11-22 19:41:18,2025020336,STL@NYI,WIN,,UNDER,6.5,-110.0,4.068194923420471,-2.431805076579529,0.9015888328533408,0.5540630793233201,,2025-11,0.7,1.0,0.5238095238095238,0.5,-0.045454545454545414,,"TJ Luxmore, Jake Brenk (6.00 G/G)",6.0,,,,6.5,,,0.0
2025-11-22 19:41:18,2025020336,STL@NYI,WIN,,UNDER,6.5,-110.0,4.06622800322458,-2.43377199677542,0.9015888328533408,0.5540630793233201,,2025-11,0.7,1.0,0.5238095238095238,0.5,-0.045454545454545414,,"TJ Luxmore, Jake Brenk (6.00 G/G)",6.0,,,,6.5,,,0.0
2025-11-22 19:41:18,2025020340,SEA@PIT,LOSS,,UNDER,4.5,100.0,5.002879854435453,0.5028798544354531,0.4297480837459314,0.0,MyBookie.ag,2025-11,0.7,0.5909090909090908,0.5,0.5073891625615764,0.014778325123152802,-0.22082276928109923,"Kendrick Nicholson, Stephen Hiff (6.10 G/G)",6.1,,,,4.5,,,0.0
2025-11-22 19:41:18,2025020339,NJD@PHI,WIN,,UNDER,9.5,105.0,5.37045986704404,-4.12954013295596,0.8815888328533408,0.5540630793233201,Bovada,2025-11,0.7,1.0,0.4878048780487805,0.5340909090909091,0.09488636363636349,0.5152531283225649,"Jean Hebert, Corey Syvret (5.90 G/G)",5.9,,,,9.5,,,0.0
2025-11-22 19:41:18,2025020341,TBL@WSH,WIN,,UNDER,8.5,122.0,5.156424607199075,-3.3435753928009246,0.8735888328533408,0.4749112108485601,FanDuel,2025-11,0.6,1.0,0.4504504504504505,0.4739336492890995,0.05213270142180082,0.36803794880183205,"Mitch Dunning, Tom Chmielewski (6.15 G/G)",6.15,,,,8.5,,,0.0
2025-11-22 19:41:18,2025020337,TOR@MTL,LOSS,,UNDER,6.5,-110.0,5.1408422268334775,-1.3591577731665223,0.9015888328533408,0.5540630793233201,,2025-11,0.7,1.0,0.5238095238095238,0.5,-0.045454545454545414,,"Chris Lee, Justin Kea (6.00 G/G)",6.0,,,,6.5,,,0.0
2025-11-22 19:41:18,2025020338,EDM@FLA,LOSS,,UNDER,7.5,105.0,4.660489640752111,-2.839510359247889,0.8815888328533408,0.5540630793233201,BetMGM,2025-11,0.7,1.0,0.4878048780487805,0.4769828064337216,-0.022185246810870862,0.22082276928109923,"Frederick L'Ecuyer, Wes McCauley (6.15 G/G)",6.15,,,,7.5,,,0.0
2025-11-22 19:41:18,2025020342,OTT@SJS,WIN,,UNDER,5.5,-105.0,5.372536111959941,-0.1274638880400589,0.5559999999999999,0.0,MyBookie.ag,2025-11,0.7,1.0,0.5121951219512195,0.5,-0.023809523809523836,,"Gord Dwyer, Chris Schlenker (6.05 G/G)",6.05,,,,5.5,,,0.0
2025-11-22 19:41:18,2025020343,COL@NSH,WIN,,UNDER,6.5,-110.0,5.586470710812336,-0.9135292891876644,0.4913454989587631,0.5540630793233201,BetOnline.ag,2025-11,0.7,0.5909090909090908,0.5238095238095238,0.5202193283070597,-0.006854009595613164,0.07360758976036641,"Kelly Sutherland, Jordan Samuels-Thomas (6.35 G/G)",6.35,,,,6.5,,,0.0
2025-11-22 19:41:18,2025020344,NYR@UTA,WIN,,UNDER,6.0,110.0,6.719747585052593,0.719747585052593,0.3422433741797144,0.0,DraftKings,2025-11,0.6,0.4508655044606058,0.4761904761904761,0.4878048780487805,0.024390243902439046,-0.07360758976036641,"Cody Beach, Trevor Hanson (6.00 G/G)",6.0,,,,6.0,,,0.0
2025-11-22 19:41:18,2025020345,DAL@CGY,LOSS,,OVER,5.5,100.0,7.6977102257735055,2.197710225773505,0.8312453667193666,0.5540630793233201,BetMGM,2025-11,0.7,0.75,0.5,0.5121951219512195,0.024390243902439046,,"Brandon Blandina, Francois St Laurent (5.75 G/G)",5.75,,,,5.5,,,0.0
2025-11-22 19:41:18,2025020346,VGK@ANA,WIN,,OVER,6.0,105.0,7.848844021333774,1.8488440213337736,0.7709154360534068,0.4749112108485601,DraftKings,2025-11,0.6,0.75,0.4878048780487805,0.4963144963144963,0.017444717444717428,,"Michael Markovic, Eric Furlatt (5.85 G/G)",5.85,,,,6.0,,,0.0
2025-11-22 20:55:43,2025020336,STL@NYI,WIN,,UNDER,6.5,-110.0,3.6359292236790166,-2.8640707763209834,0.817298313686447,0.5920474421150421,,2025-11,0.7,0.5703703703703704,0.5238095238095238,0.5,-0.045454545454545414,,"TJ Luxmore, Jake Brenk (6.00 G/G)",6.0,,,,6.5,,,0.0
2025-11-22 20:55:43,2025020336,STL@NYI,WIN,,UNDER,6.5,-110.0,3.640198803842087,-2.859801196157913,0.8166578766619864,0.5920474421150421,,2025-11,0.7,0.5703703703703704,0.5238095238095238,0.5,-0.045454545454545414,,"TJ Luxmore, Jake Brenk (6.00 G/G)",6.0,,,,6.5,,,0.0
2025-11-22 20:55:43,2025020340,SEA@PIT,WIN,,OVER,4.5,-102.0,5.09667261351974,0.5966726135197398,0.6328922929699642,0.5074692360986076,FanDuel,2025-11,0.6,0.8,0.504950495049505,0.4908340971585702,-0.027956003666360973,-0.18672199170124482,"Kendrick Nicholson, Stephen Hiff (6.10 G/G)",6.1,,,,4.5,,,0.0
2025-11-22 20:55:43,2025020339,NJD@PHI,LOSS,,UNDER,8.5,140.0,6.838164180257908,-1.661835819742092,0.6123909118343515,0.5920474421150421,BetMGM,2025-11,0.7,0.5646551724137931,0.4166666666666667,0.4545454545454545,0.09090909090909094,0.43568464730290457,"Jean Hebert, Corey Syvret (5.90 G/G)",5.9,,,,8.5,,,0.0
2025-11-22 20:55:43,2025020341,TBL@WSH,WIN,,UNDER,8.5,-115.0,4.321906557535786,-4.178093442464214,0.8979999999999999,0.5074692360986076,DraftKings,2025-11,0.6,0.8,0.5348837209302326,0.5120034919249237,-0.04277608031427321,0.3112033195020747,"Mitch Dunning, Tom Chmielewski (6.15 G/G)",6.15,,,,8.5,,,0.0
2025-11-22 20:55:43,2025020337,TOR@MTL,LOSS,,UNDER,6.5,-110.0,4.098113914621381,-2.401886085378619,0.7479706100450924,0.5920474421150421,,2025-11,0.7,0.5703703703703704,0.5238095238095238,0.5,-0.045454545454545414,,"Chris Lee, Justin Kea (6.00 G/G)",6.0,,,,6.5,,,0.0
2025-11-22 20:55:43,2025020338,EDM@FLA,WIN,,UNDER,9.5,-125.0,5.2045243814033775,-4.295475618596623,0.906,0.5920474421150421,MyBookie.ag,2025-11,0.7,0.8,0.5555555555555556,0.5852534562211982,0.05345622119815674,0.43568464730290457,"Frederick L'Ecuyer, Wes McCauley (6.15 G/G)",6.15,,,,9.5,,,0.0
2025-11-22 20:55:43,2025020342,OTT@SJS,WIN,,UNDER,6.5,-102.0,4.807320528712552,-1.6926794712874482,0.6215896179314168,0.5920474421150421,BetMGM,2025-11,0.7,0.5703703703703704,0.504950495049505,0.5,-0.009803921568627416,0.12448132780082988,"Gord Dwyer, Chris Schlenker (6.05 G/G)",6.05,,,,6.5,,,0.0
2025-11-22 20:55:43,2025020343,COL@NSH,WIN,,UNDER,5.5,115.0,4.884471059802116,-0.6155289401978843,0.4954448799027204,0.5920474421150421,MyBookie.ag,2025-11,0.7,0.5646551724137931,0.4651162790697674,0.5146726862302483,0.10654627539503381,-0.06224066390041494,"Kelly Sutherland, Jordan Samuels-Thomas (6.35 G/G)",6.35,,,,5.5,,,0.0
2025-11-22 20:55:43,2025020344,NYR@UTA,WIN,,UNDER,6.0,105.0,6.897484112014286,0.8974841120142862,0.3862898798131118,0.0,DraftKings,2025-11,0.6,0.4085385057471264,0.4878048780487805,0.4963144963144963,0.017444717444717428,-0.06224066390041494,"Cody Beach, Trevor Hanson (6.00 G/G)",6.0,,,,6.0,,,0.0
2025-11-22 20:55:43,2025020345,DAL@CGY,LOSS,,OVER,5.5,100.0,7.96924696392979,2.4692469639297903,0.8545536899981375,0.5920474421150421,BetMGM,2025-11,0.7,0.6909690555833321,0.5,0.5121951219512195,0.024390243902439046,,"Brandon Blandina, Francois St Laurent (5.75 G/G)",5.75,,,,5.5,,,0.0
2025-11-22 20:55:43,2025020346,VGK@ANA,WIN,,OVER,6.0,105.0,8.77258519196664,2.77258519196664,0.8192791797369992,0.5074692360986076,DraftKings,2025-11,0.6,0.6,0.4878048780487805,0.4963144963144963,0.017444717444717428,,"Michael Markovic, Eric Furlatt (5.85 G/G)",5.85,,,,6.0,,,0.0
2025-11-23 12:44:18,2025020347,CAR@BUF,WIN,,UNDER,6.5,109.0,6.030605213353597,-0.4693947866464025,0.7650830856467872,1.2,LowVig.ag,2025-11,0.6,1.0,0.4784688995215311,0.4742079836142218,-0.008905314246276497,,(6.03 G/G),6.029166666666668,,,,6.5,,,0.0
2025-11-23 12:44:18,2025020348,MIN@WPG,LOSS,,OVER,6.0,105.0,8.081187028798766,2.081187028798766,0.5479999999999999,0.0,LowVig.ag,2025-11,0.6,0.5714285714285714,0.4878048780487805,0.5083932853717027,0.04220623501199039,,(6.03 G/G),6.029166666666668,,,,6.0,,,0.0
2025-11-23 12:44:18,2025020349,SEA@NYI,WIN,,UNDER,6.0,114.0,7.141321468519072,1.141321468519072,0.4594524800845502,0.0,DraftKings,2025-11,0.6,0.4919754901960783,0.4672897196261683,0.4794294081526616,0.025978933446695773,,(6.03 G/G),6.029166666666668,,,,6.0,,,0.0
2025-11-23 12:44:18,2025020350,COL@CHI,WIN,,UNDER,6.5,-110.0,7.113643586675388,0.613643586675388,0.5137563218670645,0.0,MyBookie.ag,2025-11,0.7173607174050032,0.6470588235294117,0.5238095238095238,0.5091659028414299,-0.02795600366636103,,(6.03 G/G),6.029166666666668,,,,6.5,,,0.0
2025-11-23 12:44:18,2025020351,BOS@SJS,LOSS,,OVER,6.0,110.0,7.666854352464457,1.6668543524644566,0.496599163376638,0.0,DraftKings,2025-11,0.6,0.4047619047619047,0.4761904761904761,0.481786133960047,0.011750881316098694,,(6.03 G/G),6.029166666666668,,,,6.0,,,0.0
2025-11-23 12:44:18,2025020352,CGY@VAN,WIN,,OVER,6.0,-104.0,8.165464992931245,2.165464992931245,0.5479999999999999,0.0,LowVig.ag,2025-11,0.6,0.4736842105263157,0.5098039215686274,0.5217554388597149,0.023443360840210037,,(6.03 G/G),6.029166666666668,,,,6.0,,,0.0
2025-11-23 14:31:58,2025020347,CAR@BUF,LOSS,,OVER,6.5,120.0,6.729981429868616,0.2299814298686158,0.5279999999999999,0.0,FanDuel,2025-11,0.6,0.0,0.4545454545454545,0.4930875576036865,0.08479262672811061,-0.2786377708978328,(6.03 G/G),6.029166666666668,,,,6.5,,,0.0
2025-11-23 14:31:58,2025020348,MIN@WPG,LOSS,,OVER,6.0,105.0,8.287169766546322,2.287169766546322,0.922619755095714,1.2,LowVig.ag,2025-11,0.6,1.0,0.4878048780487805,0.5060240963855421,0.037349397590361266,0.2786377708978328,(6.03 G/G),6.029166666666668,,,,6.0,,,0.0
2025-11-23 14:31:58,2025020349,SEA@NYI,LOSS,,OVER,6.0,-103.0,7.254506341606759,1.254506341606759,0.5379517709363355,0.0,Bovada,2025-11,0.7173607174050032,0.3243243243243243,0.5073891625615764,0.5205705918473383,0.025978933446695995,0.2786377708978328,(6.03 G/G),6.029166666666668,,,,6.0,,,0.0
2025-11-23 14:31:58,2025020350,COL@CHI,LOSS,,OVER,6.5,104.0,7.2577369504492255,0.7577369504492255,0.5479999999999999,0.0,LowVig.ag,2025-11,0.6,0.3243243243243243,0.4901960784313725,0.4802489177489177,-0.02029220779220775,,(6.03 G/G),6.029166666666668,,,,6.5,,,0.0
2025-11-23 14:31:58,2025020351,BOS@SJS,LOSS,,OVER,6.0,110.0,7.66863267888392,1.6686326788839203,0.5279999999999999,0.0,DraftKings,2025-11,0.6,0.3243243243243243,0.4761904761904761,0.481786133960047,0.011750881316098694,-0.2786377708978328,(6.03 G/G),6.029166666666668,,,,6.0,,,0.0
2025-11-23 14:31:58,2025020352,CGY@VAN,WIN,,OVER,6.0,-104.0,8.09573388282012,2.09573388282012,0.568,0.0,LowVig.ag,2025-11,0.6,0.475,0.5098039215686274,0.5217554388597149,0.023443360840210037,0.2786377708978328,(6.03 G/G),6.029166666666668,,,,6.0,,,0.0
2025-11-23 15:28:58,2025020347,CAR@BUF,WIN,,UNDER,5.5,135.0,2.512702905336162,-2.987297094663838,0.5773888573924002,0.0,MyBookie.ag,2025-11,0.7173607174050032,0.5413793103448277,0.425531914893617,0.5648148148148148,0.3273148148148147,-0.5464480874316939,(6.03 G/G),6.029166666666668,,,,5.5,,,0.0
2025-11-23 15:28:58,2025020348,MIN@WPG,WIN,,UNDER,6.0,110.0,4.362919986443293,-1.637080013556707,0.4950783088533581,0.0,FanDuel,2025-11,0.6,0.382962643678161,0.4761904761904761,0.4939759036144577,0.03734939759036138,0.18214936247723132,(6.03 G/G),6.029166666666668,,,,6.0,,,0.0
2025-11-23 15:28:58,2025020349,SEA@NYI,WIN,,UNDER,6.0,114.0,4.444304927869207,-1.555695072130793,0.4659643427127187,0.0,DraftKings,2025-11,0.6,0.437487908496732,0.4672897196261683,0.4818526154288728,0.03116459701778762,0.18214936247723132,(6.03 G/G),6.029166666666668,,,,6.0,,,0.0
2025-11-23 15:28:58,2025020350,COL@CHI,WIN,,UNDER,6.5,-113.0,4.682772798271294,-1.8172272017287057,0.6604096862114724,1.4347214348100064,MyBookie.ag,2025-11,0.7173607174050032,0.5947712418300654,0.5305164319248826,0.5197510822510822,-0.020292207792207806,,(6.03 G/G),6.029166666666668,,,,6.5,,,0.0
2025-11-23 15:28:58,2025020351,BOS@SJS,LOSS,,OVER,6.0,110.0,6.428588065159516,0.4285880651595164,0.3138045165937795,0.0,DraftKings,2025-11,0.6,0.4586206896551724,0.4761904761904761,0.481786133960047,0.011750881316098694,-0.18214936247723132,(6.03 G/G),6.029166666666668,,,,6.0,,,0.0
2025-11-23 15:28:58,2025020352,CGY@VAN,WIN,,OVER,6.0,-106.0,9.309763728677307,3.309763728677307,0.922619755095714,1.2,LowVig.ag,2025-11,0.6,1.0,0.5145631067961165,0.5240735606690694,0.018482580168191487,0.18214936247723132,(6.03 G/G),6.029166666666668,,,,6.0,,,0.0
2025-11-24 13:03:13,2025020353,PHI@TBL,LOSS,,OVER,6.0,102.0,7.292740026471331,1.2927400264713311,0.8797507582590115,1.4463185222113517,Bovada,2025-11,0.7231592611056757,1.0,0.495049504950495,0.5144230769230769,0.03913461538461527,,"Frederick L'Ecuyer, Wes McCauley (6.15 G/G)",6.15,,,,6.0,,,0.0
2025-11-24 14:02:52,2025020353,PHI@TBL,LOSS,,OVER,6.0,100.0,7.465907649672744,1.4659076496727437,0.905839754288312,1.4463185222113517,BetRivers,2025-11,0.7231592611056757,1.0,0.5,0.5169082125603864,0.033816425120772875,0.5027932960893855,"Frederick L'Ecuyer, Wes McCauley (6.15 G/G)",6.15,,,,6.0,,,0.0
2025-11-24 14:02:52,2025020359,OTT@LAK,LOSS,,OVER,5.5,105.0,6.313568334055862,0.8135683340558622,0.8078750043966912,1.4463185222113517,BetOnline.ag,2025-11,0.7231592611056757,1.0,0.4878048780487805,0.4769828064337216,-0.022185246810870862,,"Michael Markovic, Trevor Hanson (5.90 G/G)",5.9,,,,5.5,,,0.0
2025-11-24 16:41:08,2025020355,STL@NYR,WIN,,UNDER,6.5,-110.0,5.04016110996012,-1.4598388900398804,0.6164434947710381,1.4463185222113517,,2025-11,0.7231592611056757,0.6395348837209303,0.5238095238095238,0.5,-0.045454545454545414,,"TJ Luxmore, Mitch Dunning (6.00 G/G)",6.0,,,,6.5,,,0.0
2025-11-25 21:43:27,2025020360,DAL@EDM,LOSS,,UNDER,7.5,124.0,5.9712051971830205,-1.5287948028169795,0.8511487266865709,1.2,DraftKings,2025-11,0.6,1.0,0.4464285714285714,0.489749430523918,0.09703872437357652,0.14981689046720675,"Francois St Laurent, Brandon Blandina (5.75 G/G)",5.75,,,,7.5,,,0.0
2025-11-26 15:39:40,2025020367,WPG@WSH,WIN,,OVER,6.5,-106.0,7.393745908841826,0.8937459088418258,0.8098086856565335,0.7554381328840022,BetRivers,2025-11,0.7130910741300216,1.0,0.5145631067961165,0.5059365501519757,-0.016764817629179307,,"Frederick L'Ecuyer, Wes McCauley (6.15 G/G)",6.15,,,,6.5,,,0.0
2025-11-26 15:39:40,2025020365,BOS@NYI,LOSS,,OVER,6.0,-106.0,7.72381891295636,1.72381891295636,0.8666995133998577,0.6356311222705833,LowVig.ag,2025-11,0.6,1.0,0.5145631067961165,0.5240735606690694,0.018482580168191487,,"Kelly Sutherland, Liam Maaskant (2.95 G/G)",2.95,,,,6.0,,,0.0
2025-11-26 15:39:40,2025020363,PHI@FLA,WIN,,OVER,5.5,-110.0,6.71559384869039,1.21559384869039,0.8490385907034161,0.6356311222705833,FanDuel,2025-11,0.6,1.0,0.5238095238095238,0.5116279069767442,-0.023255813953488302,,"Beau Halkidis, Jean Hebert (6.00 G/G)",6.0,,,,5.5,,,0.0
2025-11-26 15:39:40,2025020362,CGY@TBL,WIN,,OVER,5.5,100.0,6.7666113014573925,1.2666113014573923,0.8657384945488683,0.7554381328840022,BetMGM,2025-11,0.7130910741300216,1.0,0.5,0.5061728395061729,0.012345679012345734,,"TJ Luxmore, Stephen Hiff (5.90 G/G)",5.9,,,,5.5,,,0.0
2025-11-26 15:39:40,2025020364,STL@NJD,WIN,,UNDER,6.5,-110.0,5.246001879079788,-1.2539981209202118,0.620368256598726,0.7554381328840022,,2025-11,0.7130910741300216,0.6956521739130435,0.5238095238095238,0.5,-0.045454545454545414,,"Francis Charron, Eric Furlatt (5.90 G/G)",5.9,,,,6.5,,,0.0
2025-11-28 12:23:10,2025020376,NYR@BOS,WIN,,OVER,5.5,-105.0,6.87575148669366,1.3757514866936598,0.882777542637748,1.0033831592163402,Bovada,2025-11,0.7208283309044237,1.0,0.5121951219512195,0.5011698642957417,-0.02152550304164713,,"Pierre Lambert, Jake Brenk (5.95 G/G)",5.95,,,,5.5,,,0.0
2025-11-28 12:23:10,2025020382,OTT@STL,LOSS,,UNDER,6.5,-110.0,5.48686648505231,-1.0131335149476897,0.606176141308473,1.0033831592163402,,2025-11,0.7208283309044237,0.7142857142857143,0.5238095238095238,0.5,-0.045454545454545414,,"Carter Sandlak, Cody Beach (6.35 G/G)",6.35,,,,6.5,,,0.0
2025-11-28 12:23:10,2025020386,TOR@WSH,WIN,,UNDER,6.5,-112.0,5.455048920745479,-1.0449510792545214,0.6109487759544977,1.0033831592163402,Bovada,2025-11,0.7208283309044237,0.7142857142857143,0.5283018867924528,0.5137614678899083,-0.027522935779816515,,"Jon Mclsaac, Kelly Sutherland (6.10 G/G)",6.1,,,,6.5,,,0.0
2025-11-28 12:23:10,2025020388,PIT@CBJ,WIN,,OVER,6.0,110.0,6.932844080696693,0.9328440806966932,0.813037888269898,0.8351917782898973,FanDuel,2025-11,0.6,1.0,0.4761904761904761,0.4902912621359223,0.029611650485436902,,"Brandon Blandina, Furman South (5.55 G/G)",5.55,,,,6.0,,,0.0
2025-11-29 14:48:31,2025020401,VAN@LAK,WIN,,UNDER,6.5,-115.0,5.250773658761774,-1.2492263412382263,0.63302152548061,1.451878566682426,BetUS,2025-11,0.725939283341213,0.6862745098039216,0.5348837209302326,0.5168539325842697,-0.0337078651685393,,(6.03 G/G),6.030000000000001,,,,6.5,,,0.0
2025-11-30 12:47:40,2025020402,WSH@NYI,LOSS,,OVER,6.0,114.0,6.839132640996183,0.8391326409961826,0.5318121764556082,1.2,DraftKings,2025-11,0.6,0.65,0.4672897196261683,0.5023255813953489,0.0749767441860465,,(5.58 G/G),5.581818181818182,,,,6.0,,,0.0
2025-12-01 10:25:17,2025020408,WPG@BUF,WIN,,UNDER,6.5,100.0,5.419390137388976,-1.0806098626110243,0.5777694154355395,2.0,Bovada,2025-12,1.0,0.6229508196721312,0.5,0.5061728395061729,0.012345679012345734,,(5.97 G/G),5.975,,,,6.5,,,0.0
2025-12-01 16:40:02,2025020408,WPG@BUF,WIN,,UNDER,6.5,105.0,5.314039531664454,-1.185960468335546,0.6516779386068273,0.9163251362223552,BetUS,2025-12,1.0,0.6666666666666667,0.4878048780487805,0.5012165450121655,0.027493917274939217,-0.08008898776418243,"Trevor Hanson, Brandon Blandina (5.75 G/G)",5.75,,,,6.5,,,0.0
2025-12-02 15:51:22,2025020414,TBL@NYI,WIN,,UNDER,6.0,114.0,4.914841404185439,-1.085158595814561,0.7479623749880996,0.5053637919788473,DraftKings,2025-12,0.7,0.8598,0.4672897196261683,0.4904761904761905,0.04961904761904756,,"Furman South, Trevor Hanson (5.60 G/G)",5.6,,,,6.0,,,0.0
2025-12-04 19:14:27,2025020426,STL@BOS,LOSS,,UNDER,6.5,-110.0,4.402428053837498,-2.0975719461625024,0.9240235856159154,0.4441214693399852,,2025-12,1.0,1.0,0.5238095238095238,0.5,-0.045454545454545414,,"Furman South, Chris Lee (5.75 G/G)",5.75,,,,6.5,,,0.0
2025-12-04 19:14:27,2025020431,TOR@CAR,WIN,,UNDER,7.0,109.0,5.584424708377656,-1.4155752916223436,0.8195191776048809,0.3119174161640869,LowVig.ag,2025-12,0.7023245614035087,0.8837166666666667,0.4784688995215311,0.5303370786516854,0.10840449438202249,,"Trevor Hanson, Gord Dwyer (5.85 G/G)",5.85,,,,7.0,,,0.0
2025-12-08 16:59:08,2025020461,TBL@TOR,WIN,,UNDER,6.5,-107.0,3.567531921193928,-2.932468078806072,0.95,1.0,BetRivers,2025-12,1.0,1.0,0.5169082125603864,0.5022899015342339,-0.02828028394779042,,"Graham Skilliter, Francois St Laurent (6.00 G/G)",6.0,,,,6.5,,,0.0
2025-12-08 16:59:08,2025020463,BUF@CGY,WIN,,OVER,6.0,110.0,7.1561436119503545,1.1561436119503543,0.5957292341002455,1.0,DraftKings,2025-12,1.0,0.6153846153846154,0.4761904761904761,0.4902912621359223,0.029611650485436902,-0.6941766293868106,"Jake Brenk, Garrett Rank (5.90 G/G)",5.9,,,,6.0,,,0.0
2025-12-09 19:09:55,2025020466,TBL@MTL,LOSS,,UNDER,6.5,-110.0,4.922163028818449,-1.5778369711815508,0.9486236714546832,0.658920437477653,,2025-12,1.2,1.0,0.5238095238095238,0.5,-0.045454545454545414,,"Francis Charron, Michael Markovic (6.05 G/G)",6.05,,,,6.5,,,0.0
2025-12-09 19:09:55,2025020469,SJS@PHI,WIN,,UNDER,6.0,106.0,4.441014635184589,-1.5589853648154106,0.8409514761769948,0.5534931674812286,FanDuel,2025-12,0.84,0.8591,0.4854368932038835,0.4913704591013543,0.01222314574878991,,"Jordan Samuels-Thomas, Kendrick Nicholson (6.55 G/G)",6.55,,,,6.0,,,0.0
2025-12-09 20:32:31,2025020466,TBL@MTL,LOSS,,UNDER,6.5,-110.0,4.713288056800631,-1.7867119431993688,0.8394680610251616,0.5772749190561818,,2025-12,1.2,0.7777777777777778,0.5238095238095238,0.5,-0.045454545454545414,,"Francis Charron, Michael Markovic (6.05 G/G)",6.05,,,,6.5,,,0.0
2025-12-19 11:51:35,2025020544,CAR@FLA,LOSS,PICK,UNDER,6.0,105.0,5.545359796584339,-0.4546402034156607,0.4318068482108906,0.0,0.543174358974359,0.48780487804878053,0.4963144963144963,0.0174447174447174,6.0,0.0,DraftKings,2025-12,0.7742753507248848,,(6.06 G/G),6.065,,,,,
2025-12-19 11:51:35,2025020545,VAN@NYI,WIN,BET,UNDER,5.5,-113.0,3.6400999178918174,-1.8599000821081817,0.7703911081928508,1.248855966228652,0.6923076923076923,0.5305164319248826,0.5172913928296243,-0.0249286135158408,5.5,0.0,BetRivers,2025-12,1.1061076438926927,,(6.06 G/G),6.065,,,,,
2025-12-19 11:51:35,2025020547,NJD@UTA,LOSS,PICK,OVER,5.5,-119.0,6.066633975353904,0.5666339753539038,0.4407330934888065,0.0,0.5333333333333333,0.5433789954337899,0.524502247215407,-0.0347395618472762,5.5,0.0,BetOnline.ag,2025-12,1.1061076438926927,,(6.06 G/G),6.065,,,,,
2025-12-19 11:51:35,2025020546,WPG@COL,LOSS,PICK,OVER,6.0,114.0,7.277314652371709,1.2773146523717092,0.5677273519042225,0.0,0.5588235294117647,0.4672897196261683,0.4806319596459503,0.0285523936423335,6.0,0.0,FanDuel,2025-12,1.1061076438926927,,(6.06 G/G),6.065,,,,,
2025-12-19 11:51:35,2025020548,DAL@ANA,WIN,PICK,OVER,6.5,-104.0,7.033995882143255,0.5339958821432553,0.4562295363699544,0.0,0.5588235294117647,0.5098039215686274,0.4954195676071821,-0.0282154635397579,6.5,0.0,BetRivers,2025-12,1.1061076438926927,,(6.06 G/G),6.065,,,,,
2025-12-19 13:00:48,2025020544,CAR@FLA,LOSS,PICK,UNDER,6.0,105.0,6.08534624071057,0.08534624071057,0.3287013368010785,0.0,0.4785350877192982,0.48780487804878053,0.4963144963144963,0.0174447174447174,6.0,0.0,DraftKings,2025-12,0.6431102803738318,,"Justin Kea, Eric Furlatt (5.80 G/G)",5.8,,,,,
2025-12-19 13:00:48,2025020545,VAN@NYI,WIN,PICK,UNDER,5.5,-119.0,4.3857512260315,-1.1142487739685,0.686875313280996,0.0,0.7333333333333334,0.5433789954337899,0.535308097097267,-0.014853165846206,5.5,0.0,BetOnline.ag,2025-12,0.9187289719626168,,"Jake Brenk, Peter MacDougall (5.95 G/G)",5.95,,,,,
2025-12-19 13:00:48,2025020547,NJD@UTA,LOSS,PICK,OVER,5.5,-119.0,6.884366610289124,1.384366610289124,0.5978691792052802,0.0,0.5714285714285714,0.5433789954337899,0.524502247215407,-0.0347395618472762,5.5,0.0,BetOnline.ag,2025-12,0.9187289719626168,,"Cody Beach, Chris Schlenker (6.20 G/G)",6.2,,,,,
2025-12-19 13:00:48,2025020546,WPG@COL,LOSS,PICK,OVER,6.0,114.0,7.853173140995433,1.853173140995433,0.6681901588112265,0.0,0.5714285714285714,0.4672897196261683,0.4806319596459503,0.0285523936423335,6.0,0.0,DraftKings,2025-12,0.9187289719626168,,"Stephen Hiff, Chris Lee (6.00 G/G)",6.0,,,,,
2025-12-19 13:00:48,2025020548,DAL@ANA,LOSS,PICK,UNDER,6.5,-110.0,6.7052976547651735,0.2052976547651734,0.4550940489092691,0.0,0.6140350877192983,0.5238095238095238,0.5067750677506776,-0.0325203252032518,6.5,0.0,LowVig.ag,2025-12,0.6452459222823413,,"Carter Sandlak, Graham Skilliter (6.35 G/G)",6.35,,,,,
2025-12-19 16:18:44,2025020544,CAR@FLA,LOSS,PICK,UNDER,6.0,105.0,6.716201077526998,0.716201077526998,0.4566058178329715,0.0,0.5195197278911565,0.48780487804878053,0.4963144963144963,0.0174447174447174,6.0,0.0,DraftKings,2025-12,0.6431102803738318,,"Justin Kea, Eric Furlatt (5.80 G/G)",5.8,,,,,
2025-12-19 16:18:44,2025020545,VAN@NYI,WIN,PICK,UNDER,5.5,-122.0,3.863605314285363,-1.6363946857146372,0.7123524100815255,0.0,0.6666666666666667,0.5495495495495495,0.5345716801543041,-0.0272548115224957,5.5,0.0,BetRivers,2025-12,0.9187289719626168,,"Jake Brenk, Peter MacDougall (5.95 G/G)",5.95,,,,,
2025-12-19 16:18:44,2025020547,NJD@UTA,LOSS,PICK,OVER,5.5,-120.0,7.149198601094417,1.649198601094417,0.6492323469819883,0.0,0.5853658536585366,0.5454545454545454,0.5303159692570453,-0.0277540563620836,5.5,0.0,DraftKings,2025-12,0.9187289719626168,,"Cody Beach, Chris Schlenker (6.20 G/G)",6.2,,,,,
2025-12-19 16:18:44,2025020546,WPG@COL,LOSS,PICK,OVER,6.0,114.0,7.579366663523301,1.5793666635233017,0.6387575563463209,0.0,0.5853658536585366,0.4672897196261683,0.4806319596459503,0.0285523936423335,6.0,0.0,DraftKings,2025-12,0.9187289719626168,,"Stephen Hiff, Chris Lee (6.00 G/G)",6.0,,,,,
2025-12-19 16:18:44,2025020548,DAL@ANA,LOSS,PICK,UNDER,6.5,-112.0,6.419776845394336,-0.0802231546056644,0.4517157960614381,0.0,0.6326530612244898,0.5283018867924528,0.5137614678899083,-0.0275229357798165,6.5,0.0,DraftKings,2025-12,0.6431102803738318,,"Carter Sandlak, Graham Skilliter (6.35 G/G)",6.35,,,,,
2025-12-20 13:05:39,2025020549,PHI@NYR,WIN,PICK,OVER,4.5,-106.0,4.261975181974557,-0.2380248180254431,0.4000328273640438,0.0,0.5384615384615384,0.5145631067961165,0.483560743054414,-0.0602498767055728,4.5,0.0,FanDuel,2025-12,0.6431102803738318,,"Wes McCauley, Jake Brenk (6.15 G/G)",6.15,,,,,
2025-12-20 13:05:39,2025020550,DET@WSH,LOSS,PICK,UNDER,5.5,-135.0,4.421574776155709,-1.0784252238442908,0.5876313497753325,0.0,0.6153846153846154,0.574468085106383,0.539576802507837,-0.0607366771159874,5.5,0.0,FanDuel,2025-12,0.6431102803738318,,"Brandon Blandina, Francis Charron (5.90 G/G)",5.9,,,,,
2025-12-20 13:05:39,2025020551,CHI@OTT,WIN,PICK,OVER,5.5,-118.0,6.552938456980511,1.0529384569805114,0.5715006424380732,0.0,0.6,0.5412844036697247,0.5149751839808318,-0.0486051685777854,5.5,0.0,FanDuel,2025-12,0.6431102803738318,,"TJ Luxmore, Beau Halkidis (5.95 G/G)",5.95,,,,,
2025-12-20 13:05:39,2025020552,EDM@MIN,LOSS,PICK,UNDER,6.5,-110.0,5.189210127647974,-1.310789872352026,0.6224860470514927,0.0,0.6153846153846154,0.5238095238095238,0.5,-0.0454545454545454,6.5,0.0,FanDuel,2025-12,0.6431102803738318,,"Kelly Sutherland, Trevor Hanson (5.85 G/G)",5.85,,,,,
2025-12-20 13:05:39,2025020553,NYI@BUF,WIN,PICK,UNDER,6.5,-124.0,4.845629526667491,-1.6543704733325093,0.8217154448908729,0.0,0.8,0.5535714285714286,0.5279042320013488,-0.0463665486427247,6.5,0.0,FanDuel,2025-12,0.6431102803738318,,"Brandon Schrader, Furman South (5.75 G/G)",5.75,,,,,
2025-12-20 13:05:39,2025020554,STL@FLA,LOSS,BET,UNDER,6.5,-110.0,4.9363918046605,-1.5636081953395005,0.8282660876155975,0.4464458978012009,0.8333333333333334,0.5238095238095238,0.5,-0.0454545454545454,6.5,0.0,,2025-12,0.9187289719626168,,"Jon Mclsaac, Michael Markovic (6.15 G/G)",6.15,,,,,
2025-12-20 13:05:39,2025020556,PIT@MTL,WIN,BET,UNDER,6.5,-110.0,4.49762692646201,-2.0023730735379903,0.8940808193453712,0.4464458978012009,0.8333333333333334,0.5238095238095238,0.5,-0.0454545454545454,6.5,0.0,,2025-12,0.9187289719626168,,"Peter MacDougall, Frederick L'Ecuyer (5.95 G/G)",5.95,,,,,
2025-12-20 13:05:39,2025020557,CAR@TBL,WIN,PICK,OVER,5.5,-106.0,7.854138710577073,2.3541387105770726,0.8200140138108907,0.0,0.6666666666666666,0.5145631067961165,0.4913359902963091,-0.0451394905562294,5.5,0.0,FanDuel,2025-12,0.6431102803738318,,"Justin Kea, Garrett Rank (5.80 G/G)",5.8,,,,,
2025-12-20 13:05:39,2025020555,VAN@BOS,LOSS,PICK,UNDER,5.5,102.0,5.191432889453978,-0.3085671105460221,0.4721526327805922,0.0,0.6153846153846154,0.49504950495049505,0.4720957679986511,-0.0463665486427246,5.5,0.0,FanDuel,2025-12,0.6431102803738318,,"Jordan Samuels-Thomas, Brian Pochmara (6.30 G/G)",6.3,,,,,
2025-12-20 13:05:39,2025020558,TOR@NSH,LOSS,PICK,UNDER,5.5,110.0,4.420207053981061,-1.079792946018939,0.5878365081015297,0.0,0.6153846153846154,0.47619047619047616,0.4540162980209545,-0.0465657741559953,5.5,0.0,FanDuel,2025-12,0.6431102803738318,,"Tom Chmielewski, Pierre Lambert (6.00 G/G)",6.0,,,,,
2025-12-20 13:05:39,2025020560,CBJ@ANA,LOSS,PICK,UNDER,6.5,102.0,7.287992775207577,0.7879927752075773,0.5244860628994057,0.0,0.5909090909090908,0.49504950495049505,0.4720957679986511,-0.0463665486427246,6.5,0.0,FanDuel,2025-12,0.6431102803738318,,"Graham Skilliter, Carter Sandlak (6.35 G/G)",6.35,,,,,
2025-12-20 13:05:39,2025020559,VGK@CGY,LOSS,PICK,UNDER,5.5,-110.0,5.055816188022377,-0.4441838119776227,0.4924951379953322,0.0,0.6153846153846154,0.5238095238095238,0.5,-0.0454545454545454,5.5,0.0,FanDuel,2025-12,0.6431102803738318,,"Corey Syvret, Kendrick Nicholson (6.05 G/G)",6.05,,,,,
2025-12-20 13:05:39,2025020561,SEA@SJS,WIN,PICK,UNDER,6.5,-124.0,5.706872793225819,-0.793127206774181,0.544836647214816,0.0,0.6153846153846154,0.5535714285714286,0.5279042320013488,-0.0463665486427247,6.5,0.0,FanDuel,2025-12,0.6431102803738318,,"Cody Beach, Francois St Laurent (6.00 G/G)",6.0,,,,,
2025-12-21 17:15:09,2025020562,WSH@DET,WIN,PICK,UNDER,6.5,-110.0,5.986698855519952,-0.5133011444800477,0.5110625758037375,0.0,0.6111111111111112,0.5238095238095238,0.5,-0.0454545454545454,6.5,0.0,,2025-12,0.9187289719626168,,"Brandon Blandina, Francis Charron (5.90 G/G)",5.9,,,,,
2025-12-21 17:15:09,2025020563,COL@MIN,WIN,PICK,UNDER,6.5,-130.0,6.24074413743897,-0.2592558625610301,0.4640668946269959,0.0,0.6,0.5652173913043479,0.5379670550421857,-0.0482121333869023,6.5,0.0,FanDuel,2025-12,0.6431102803738318,,(6.02 G/G),6.015384615384615,,,,,
2025-12-21 17:15:09,2025020568,TOR@DAL,WIN,BET,UNDER,6.5,-140.0,4.248056092517452,-2.251943907482548,0.9166273376727478,0.4515613953224391,0.955591677545121,0.5833333333333333,0.5552260934025204,-0.0481838398813935,6.5,0.0,FanDuel,2025-12,0.6431102803738318,,(6.02 G/G),6.015384615384615,,,,,
2025-12-21 17:15:09,2025020567,NYR@NSH,WIN,PICK,UNDER,5.5,116.0,5.654855571169854,0.154855571169854,0.4484068509183194,0.0,0.6,0.4629629629629629,0.4410263886863974,-0.0473830004373815,5.5,0.0,FanDuel,2025-12,0.6431102803738318,,(6.02 G/G),6.015384615384615,,,,,
2025-12-21 17:15:09,2025020569,WPG@UTA,WIN,BET,OVER,5.5,-128.0,6.324608064285536,0.8246080642855356,0.7260328330298639,0.4515613953224391,0.8571428571428571,0.5614035087719298,0.5338567222767419,-0.0490677134445535,5.5,0.0,FanDuel,2025-12,0.6431102803738318,,(6.02 G/G),6.015384615384615,,,,,
2025-12-21 17:15:09,2025020565,BUF@NJD,WIN,BET,UNDER,6.5,-110.0,5.331690171672129,-1.168309828327871,0.720445240493357,0.4515613953224391,0.7857142857142857,0.5238095238095238,0.5,-0.0454545454545454,6.5,0.0,FanDuel,2025-12,0.6431102803738318,,(6.02 G/G),6.015384615384615,,,,,
2025-12-21 17:15:09,2025020564,OTT@BOS,LOSS,BET,UNDER,6.5,-140.0,5.121598968817648,-1.378401031182352,0.7519589209215292,0.4515613953224391,0.7857142857142857,0.5833333333333333,0.5552260934025204,-0.0481838398813935,6.5,0.0,FanDuel,2025-12,0.6431102803738318,,(6.02 G/G),6.015384615384615,,,,,
2025-12-21 17:15:09,2025020566,MTL@PIT,LOSS,PICK,UNDER,6.5,-110.0,5.796355594798674,-0.7036444052013264,0.5396140649119292,0.0,0.6111111111111112,0.5238095238095238,0.5,-0.0454545454545454,6.5,0.0,,2025-12,0.9187289719626168,,"Peter MacDougall, Frederick L'Ecuyer (5.95 G/G)",5.95,,,,,
2025-12-21 17:15:09,2025020570,VGK@EDM,LOSS,BET,UNDER,6.5,-132.0,5.083573938685232,-1.416426061314768,0.7576626754413915,0.4515613953224391,0.7857142857142857,0.5689655172413793,0.542008843967151,-0.047378395451674,6.5,0.0,FanDuel,2025-12,0.6431102803738318,,(6.02 G/G),6.015384615384615,,,,,
2025-10-07 10:24:08,2025020001,CHI@FLA,LOSS,,OVER,5.5,-111,5.798512266823068,0.2985122668230682,0.7880375918606737,5.0,,,,-0.0254041570438798,5.5,0.0,,,,,,,,,,,
2025-10-07 11:04:52,2025020001,CHI@FLA,LOSS,,OVER,5.5,-111,5.884255829103754,0.3842558291037541,0.8011616064954726,5.0,,,,-0.0254041570438798,5.5,0.0,,,,,,,,,,,
2025-10-07 12:07:26,2025020001,CHI@FLA,LOSS,,OVER,5.5,-106,6.429294868690597,0.9292948686905972,0.8845859492893772,5.0,,,,-0.0143540669856459,5.5,0.0,,,,,,,,,,,
2025-10-07 12:07:26,2025020002,PIT@NYR,WIN,,UNDER,6.0,-105,4.4499368143826326,-1.5500631856173674,0.8014314096496129,5.0,,,,0.0117508813160986,6.0,0.0,,,,,,,,,,,
2025-10-07 12:52:31,2025020003,COL@LAK,LOSS,,OVER,5.5,100,5.980243296672253,0.4802432966722527,0.8158535658171815,5.0,,,,0.0267639902676399,5.5,0.0,,,,,,,,,,,
2025-10-07 14:46:54,2025020003,COL@LAK,WIN,,UNDER,7.5,-110,5.559693356754762,-1.940306643245238,0.835265682830182,5.0,,,,-0.0454545454545454,7.5,0.0,,,,,,,,,,,
2025-10-07 14:50:14,2025020003,COL@LAK,WIN,,UNDER,6.5,-110,5.622769499636608,-0.8772305003633925,0.6503595273643644,5.0,,,,-0.0454545454545454,6.5,0.0,,,,,,,,,,,
2025-10-07 15:47:06,2025020003,COL@LAK,LOSS,,OVER,5.5,100,5.92205313691524,0.42205313691524,0.7892683372829449,5.0,,,,0.0314769975786926,5.5,0.0,,,,,,,,,,,
2025-10-07 16:42:04,2025020001,CHI@FLA,LOSS,,OVER,5.5,-115,6.574228835390788,1.0742288353907885,0.8918921686822635,5.0,,,,-0.0244661921708185,5.5,0.0,,,,,,,,,,,
2025-10-07 16:42:04,2025020002,PIT@NYR,WIN,,UNDER,6.0,-103,4.174447880064132,-1.8255521199358684,0.8737636057372972,5.0,,,,0.0259789334466959,6.0,0.0,,,,,,,,,,,
2025-10-07 16:42:04,2025020003,COL@LAK,LOSS,,OVER,5.5,-104,6.011391255445108,0.5113912554451083,0.802942539098741,5.0,,,,0.0211505922165821,5.5,0.0,,,,,,,,,,,
2025-10-07 19:42:22,2025020002,PIT@NYR,WIN,,UNDER,6.0,100,4.275232689599332,-1.7247673104006678,0.7723238985883336,5.0,,,,0.0338164251207728,6.0,0.0,,,,,,,,,,,
2025-10-07 19:42:22,2025020003,COL@LAK,LOSS,,OVER,5.75,-104,8.480628546843729,2.730628546843729,0.95,5.0,,,,0.0211505922165821,5.75,0.0,,,,,,,,,,,
2025-10-07 20:23:29,2025020002,PIT@NYR,WIN,,UNDER,5.5,101,4.996337039156372,-0.503662960843628,0.6000190628691611,5.0,,,,-0.0024568817257135,5.5,0.0,,,,,,,,,,,
2025-10-07 20:56:22,2025020001,CHI@FLA,LOSS,,OVER,6.0,-110,6.483090665685733,0.483090665685733,0.821411836584551,5.0,,,,-0.0454545454545454,6.0,0.0,,,,,,,,,,,
2025-10-08 08:29:01,2025020005,BOS@WSH,LOSS,,OVER,5.5,-108,6.317218991422476,0.8172189914224761,0.8543447435850727,5.0,,,,-0.0259296853372705,5.5,0.0,,,,,,,,,,,
2025-10-08 08:36:42,2025020004,MTL@TOR,WIN,,UNDER,7.5,-110,5.140419643468066,-2.359580356531934,0.93,5.0,,,,-0.0454545454545454,7.5,0.0,,,,,,,,,,,
2025-10-08 08:36:42,2025020006,CGY@EDM,LOSS,,UNDER,6.0,116,5.871661054948459,-0.1283389450515413,0.6196413419629906,5.0,,,,0.0749767441860465,6.0,0.0,,,,,,,,,,,
2025-10-08 08:36:42,2025020007,LAK@VGK,LOSS,,UNDER,6.0,114,5.38785207807721,-0.6121479219227899,0.630781993112307,5.0,,,,0.0209448452408655,6.0,0.0,,,,,,,,,,,
2025-10-08 08:55:24,2025020006,CGY@EDM,WIN,,OVER,6.0,114,6.571645860214694,0.5716458602146943,0.7908335500328614,5.0,,,,0.0749767441860465,6.0,0.0,,,,,,,,,,,
2025-10-08 08:59:23,2025020004,MTL@TOR,LOSS,,UNDER,6.5,-110,5.241874827755167,-1.2581251722448332,0.7745478194477696,5.0,,,,-0.0454545454545454,6.5,0.0,,,,,,,,,,,
2025-10-08 08:59:23,2025020005,BOS@WSH,LOSS,,OVER,5.5,-108,6.138649976422434,0.6386499764224336,0.8270127514932296,5.0,,,,-0.0259296853372705,5.5,0.0,,,,,,,,,,,
2025-10-08 08:59:23,2025020007,LAK@VGK,LOSS,,UNDER,6.0,114,5.579211814388847,-0.420788185611153,0.7302617920016402,5.0,,,,0.0209448452408655,6.0,0.0,,,,,,,,,,,
2025-10-08 09:03:22,2025020007,LAK@VGK,LOSS,,UNDER,6.0,114,5.90840578073721,-0.0915942192627898,0.6790669145974692,5.0,,,,0.0209448452408655,6.0,0.0,,,,,,,,,,,
2025-10-08 09:19:05,2025020005,BOS@WSH,LOSS,,OVER,5.5,-108,6.148396613286839,0.6483966132868391,0.8285045836663529,5.0,,,,-0.0259296853372705,5.5,0.0,,,,,,,,,,,
2025-10-08 09:19:05,2025020006,CGY@EDM,LOSS,,UNDER,6.0,116,5.398409626856636,-0.601590373143364,0.7694148195799065,5.0,,,,0.0749767441860465,6.0,0.0,,,,,,,,,,,
2025-10-08 09:23:07,2025020005,BOS@WSH,LOSS,,OVER,5.5,-108,6.168377672107437,0.6683776721074368,0.8315629089960362,5.0,,,,-0.0259296853372705,5.5,0.0,,,,,,,,,,,
2025-10-08 09:42:54,2025020004,MTL@TOR,PUSH,,UNDER,7.0,-110,4.601013205412592,-2.398986794587408,0.95,5.0,,,,-0.0454545454545454,7.0,0.0,,,,,,,,,,,
2025-10-08 10:05:36,2025020005,BOS@WSH,LOSS,,OVER,5.5,-108,6.040582266922248,0.5405822669222475,0.8120023877942215,5.0,,,,-0.0259296853372705,5.5,0.0,,,,,,,,,,,
2025-10-08 10:05:36,2025020006,CGY@EDM,WIN,,OVER,6.0,114,6.94835428316236,0.9483542831623596,0.8484930025248508,5.0,,,,0.0749767441860465,6.0,0.0,,,,,,,,,,,
2025-10-08 10:05:36,2025020007,LAK@VGK,LOSS,,UNDER,6.0,114,5.626118093166411,-0.3738819068335886,0.5398232383998974,5.0,,,,0.0209448452408655,6.0,0.0,,,,,,,,,,,
2025-10-08 10:07:42,2025020004,MTL@TOR,PUSH,,UNDER,7.0,-110,5.2924828965003,-1.7075171034997003,0.9287628681617204,5.0,,,,-0.0454545454545454,7.0,0.0,,,,,,,,,,,
2025-10-08 10:07:42,2025020005,BOS@WSH,LOSS,,OVER,5.5,-108,6.810288020450819,1.3102880204508187,0.929814492926146,5.0,,,,-0.0259296853372705,5.5,0.0,,,,,,,,,,,
2025-10-08 10:07:42,2025020006,CGY@EDM,WIN,,OVER,6.0,114,6.538184208737086,0.5381842087370856,0.4657118686842477,5.0,,,,0.0749767441860465,6.0,0.0,,,,,,,,,,,
2025-10-08 10:07:42,2025020007,LAK@VGK,WIN,,OVER,6.0,-105,6.803907689308528,0.8039076893085282,0.845006278975795,5.0,,,,0.0209448452408657,6.0,0.0,,,,,,,,,,,
2025-10-08 12:09:59,2025020004,MTL@TOR,PUSH,,UNDER,7.0,-110,5.414880078015219,-1.585119921984781,0.921415204213448,5.0,,,,-0.0454545454545454,7.0,0.0,,,,,,,,,,,
2025-10-08 12:09:59,2025020006,CGY@EDM,LOSS,,UNDER,6.0,116,5.018319501233099,-0.9816804987669014,0.7840289234046944,5.0,,,,0.0749767441860465,6.0,0.0,,,,,,,,,,,
2025-10-08 12:54:01,2025020004,MTL@TOR,PUSH,,UNDER,7.0,-110,4.3410972175956575,-2.6589027824043425,0.95,5.0,,,,-0.0454545454545454,7.0,0.0,,,,,,,,,,,
2025-10-08 15:29:09,2025020006,CGY@EDM,WIN,,OVER,6.0,114,6.781124309804095,0.7811243098040954,0.8231006596638921,5.0,,,,0.0749767441860465,6.0,0.0,,,,,,,,,,,
2025-10-08 17:05:48,2025020004,MTL@TOR,LOSS,,UNDER,6.5,-110,5.296267175319452,-1.2037328246805483,0.6841960036294923,5.0,,,,-0.0454545454545454,6.5,0.0,,,,,,,,,,,
2025-10-08 17:05:48,2025020005,BOS@WSH,LOSS,,OVER,5.5,-110,6.351296409115443,0.8512964091154434,0.8595606748646086,5.0,,,,-0.0302547770700637,5.5,0.0,,,,,,,,,,,
2025-10-08 17:16:43,2025020004,MTL@TOR,WIN,,UNDER,7.5,-110,4.976540075959462,-2.523459924040538,0.93,5.0,,,,-0.0454545454545454,7.5,0.0,,,,,,,,,,,
2025-10-08 17:34:46,2025020005,BOS@WSH,LOSS,,OVER,5.5,-110,6.755661712438516,1.255661712438516,0.921453323332426,5.0,,,,-0.0232558139534883,5.5,0.0,,,,,,,,,,,
2025-10-08 17:40:18,2025020005,BOS@WSH,LOSS,,OVER,5.5,-110,6.703066075829482,1.203066075829482,0.9134029707902268,5.0,,,,-0.0232558139534883,5.5,0.0,,,,,,,,,,,
2025-10-08 17:53:52,2025020005,BOS@WSH,LOSS,,OVER,5.5,-110,5.904049672494655,0.4040496724946552,0.5911045417083655,5.0,,,,-0.0232558139534883,5.5,0.0,,,,,,,,,,,
2025-10-08 17:53:52,2025020007,LAK@VGK,WIN,,OVER,6.0,100,6.479265483959888,0.479265483959888,0.5953161455040644,5.0,,,,0.024390243902439,6.0,0.0,,,,,,,,,,,
2025-10-08 18:03:55,2025020004,MTL@TOR,PUSH,,UNDER,7.0,-110,4.693166747903958,-2.306833252096042,0.95,5.0,,,,-0.0454545454545454,7.0,0.0,,,,,,,,,,,
2025-10-08 18:09:29,2025020004,MTL@TOR,LOSS,,UNDER,6.0,-110,4.543140249834001,-1.4568597501659992,0.913241414240098,5.0,,,,-0.0454545454545454,6.0,0.0,,,,,,,,,,,
2025-10-08 18:09:29,2025020005,BOS@WSH,WIN,,UNDER,5.5,100,4.720292528165808,-0.7797074718341923,0.7955043667730022,5.0,,,,-0.0232558139534883,5.5,0.0,,,,,,,,,,,
2025-10-08 18:09:29,2025020007,LAK@VGK,WIN,,OVER,6.0,100,6.900427997668612,0.9004279976686123,0.8599838771941754,5.0,,,,0.024390243902439,6.0,0.0,,,,,,,,,,,
2025-10-08 19:04:57,2025020004,MTL@TOR,LOSS,,UNDER,6.5,-110,5.704677689035585,-0.7953223109644147,0.6709983790633943,5.0,,,,-0.0454545454545454,6.5,0.0,,,,,,,,,,,
2025-10-08 19:04:57,2025020005,BOS@WSH,LOSS,,OVER,5.5,-110,6.305359070940268,0.805359070940268,0.8527335312663674,5.0,,,,-0.0232558139534883,5.5,0.0,,,,,,,,,,,
2025-10-08 19:10:11,2025020004,MTL@TOR,PUSH,,UNDER,7.0,-110,6.410479921502273,-0.5895200784977268,0.5866674625241755,5.0,,,,-0.0454545454545454,7.0,0.0,,,,,,,,,,,
2025-10-08 19:10:11,2025020005,BOS@WSH,LOSS,,OVER,5.5,-110,6.61604723612351,1.11604723612351,0.9002878422638027,5.0,,,,-0.0232558139534883,5.5,0.0,,,,,,,,,,,
2025-10-08 19:25:55,2025020004,MTL@TOR,LOSS,,UNDER,6.5,-110,5.342095478353184,-1.1579045216468158,0.9396134100461006,5.0,,,,-0.0454545454545454,6.5,0.0,,,,,,,,,,,
2025-10-08 19:51:30,2025020004,MTL@TOR,LOSS,,UNDER,6.5,-110,4.918735299951962,-1.5812647000480382,0.95,5.0,,,,-0.0454545454545454,6.5,0.0,,,,,,,,,,,
2025-10-08 19:51:30,2025020005,BOS@WSH,LOSS,,OVER,4.5,-188,5.588606753080653,1.0886067530806534,0.8760877683286713,5.0,,,,-0.0530335171828595,4.5,0.0,draftkings,,,,,,,,,,
2025-10-08 20:42:03,2025020005,BOS@WSH,WIN,,OVER,3.5,112,5.414911892822305,1.914911892822305,0.93,5.0,,,,-0.0356012658227847,3.5,0.0,fanduel,,,,,,,,,,
2025-10-08 21:17:52,2025020005,BOS@WSH,WIN,,OVER,3.5,175,5.870101037483343,2.3701010374833427,0.93,5.0,,,,-0.0571428571428571,3.5,0.0,draftkings,,,,,,,,,,
2025-10-08 21:35:33,2025020005,BOS@WSH,OVER,2.5,-245,5.7717195230165625,3.2717195230165625,0.93,5.0,-0.0468274408803559,2.5,0.0,fanduel,,,,,,,,,,,,,,WIN,
2025-10-09 08:45:08,2025020012,PHI@FLA,LOSS,,OVER,5.5,-122,6.825270253510848,1.3252702535108476,0.9318985081904356,5.0,,,,-0.0382262996941896,5.5,0.0,draftkings,,,,,,,,,,
2025-10-09 08:45:08,2025020013,NYI@PIT,WIN,,OVER,5.5,-124,7.032755483506139,1.532755483506139,0.95,5.0,,,,-0.028901734104046,5.5,0.0,fanduel,,,,,,,,,,
2025-10-09 08:45:08,2025020017,DAL@WPG,WIN,,OVER,5.5,-115,6.073982677016919,0.573982677016919,0.815390205665855,5.0,,,,-0.0449620801733477,5.5,0.0,draftkings,,,,,,,,,,
2025-10-09 08:45:08,2025020018,UTA@COL,LOSS,,OVER,6.5,104,7.514838556186092,1.014838556186092,0.8801589626815448,5.0,,,,-0.0344234079173838,6.5,0.0,fanduel,,,,,,,,,,
2025-10-09 08:45:08,2025020019,CGY@VAN,WIN,,OVER,5.5,-122,6.520682716345542,1.020682716345542,0.8810075586243177,5.0,,,,-0.0250941028858217,5.5,0.0,fanduel,,,,,,,,,,
2025-10-09 08:45:08,2025020021,ANA@SEA,LOSS,,OVER,5.5,-130,6.659717555376652,1.159717555376652,0.9029312584760182,5.0,,,,-0.0397614314115307,5.5,0.0,draftkings,,,,,,,,,,
2025-10-09 08:54:08,2025020012,PHI@FLA,LOSS,,OVER,5.5,-122,7.222219140445437,1.7222191404454366,0.95,5.0,,,,-0.0382262996941896,5.5,0.0,draftkings,,,,,,,,,,
2025-10-09 08:54:08,2025020013,NYI@PIT,WIN,,OVER,5.5,-124,7.929268905290548,2.429268905290548,0.95,5.0,,,,-0.028901734104046,5.5,0.0,fanduel,,,,,,,,,,
2025-10-09 08:54:08,2025020014,NJD@CAR,WIN,,OVER,5.5,-122,6.749035724406922,1.249035724406922,0.9168319986337128,5.0,,,,-0.0382262996941896,5.5,0.0,draftkings,,,,,,,,,,
2025-10-09 08:54:08,2025020017,DAL@WPG,WIN,,OVER,5.5,-115,6.405929127364844,0.9059291273648435,0.8661983358211497,5.0,,,,-0.0449620801733477,5.5,0.0,draftkings,,,,,,,,,,
2025-10-09 08:54:08,2025020018,UTA@COL,LOSS,,OVER,6.5,104,7.767093051344823,1.2670930513448226,0.9187693445935952,5.0,,,,-0.0344234079173838,6.5,0.0,fanduel,,,,,,,,,,
2025-10-09 08:54:08,2025020019,CGY@VAN,WIN,,OVER,5.5,-122,6.7721789732831805,1.2721789732831803,0.9195018836657928,5.0,,,,-0.0250941028858217,5.5,0.0,fanduel,,,,,,,,,,
2025-10-09 08:54:08,2025020020,VGK@SJS,WIN,,OVER,6.0,110,6.457305979091149,0.4573059790911493,0.7726641804731351,5.0,,,,0.0549763033175355,6.0,0.0,draftkings,,,,,,,,,,
2025-10-09 08:54:08,2025020021,ANA@SEA,LOSS,,OVER,5.5,-130,6.452604285971686,0.9526042859716864,0.871230247852809,5.0,,,,-0.0397614314115307,5.5,0.0,draftkings,,,,,,,,,,
2025-10-09 09:39:56,2025020021,ANA@SEA,WIN,,UNDER,5.5,112,5.173267044809756,-0.326732955190244,0.6216617090966045,5.0,,,,-0.0356012658227847,5.5,0.0,fanduel,,,,,,,,,,
2025-10-09 12:08:55,2025020008,CHI@BOS,WIN,,OVER,5.5,-125,5.97319692020447,0.4731969202044697,0.8025811612557862,5.0,,,,-0.0415584415584414,5.5,0.0,draftkings,,,,,,,,,,
2025-10-09 12:08:55,2025020011,OTT@TBL,LOSS,,UNDER,6.5,-130,5.724518245097823,-0.7754817549021773,0.8855365325836536,5.0,,,,-0.0314836678473043,6.5,0.0,fanduel,,,,,,,,,,
2025-10-09 12:08:55,2025020012,PHI@FLA,LOSS,,OVER,5.5,-118,6.558138927549369,1.0581389275493691,0.8910110603391893,5.0,,,,-0.0350600403190465,5.5,0.0,fanduel,,,,,,,,,,
2025-10-09 12:08:55,2025020013,NYI@PIT,WIN,,OVER,5.5,-128,7.2145219700203,1.7145219700203,0.95,5.0,,,,-0.036231884057971,5.5,0.0,fanduel,,,,,,,,,,
2025-10-09 12:08:55,2025020014,NJD@CAR,WIN,,OVER,5.5,-120,6.849263678145698,1.3492636781456984,0.9321730119610762,5.0,,,,-0.0434782608695651,5.5,0.0,draftkings,,,,,,,,,,
2025-10-09 12:08:55,2025020016,CBJ@NSH,WIN,,UNDER,6.5,-124,5.896471228639538,-0.6035287713604616,0.5934944271608522,5.0,,,,-0.0397323295692179,6.5,0.0,fanduel,,,,,,,,,,
2025-10-09 12:08:55,2025020017,DAL@WPG,WIN,,OVER,5.5,-115,6.563921073512143,1.0639210735121427,0.8903807765579809,5.0,,,,-0.0383082373782107,5.5,0.0,fanduel,,,,,,,,,,
2025-10-09 12:08:55,2025020018,UTA@COL,LOSS,,OVER,6.5,104,7.686990974878022,1.1869909748780216,0.9065088226854116,5.0,,,,-0.0344234079173838,6.5,0.0,fanduel,,,,,,,,,,
2025-10-09 12:08:55,2025020019,CGY@VAN,WIN,,OVER,5.5,-135,7.173290322719797,1.6732903227197973,0.95,5.0,,,,-0.0400839854934147,5.5,0.0,draftkings,,,,,,,,,,
2025-10-09 13:02:07,2025020008,CHI@BOS,WIN,,OVER,5.5,-125,6.540277302573544,1.0402773025735437,0.8893791789653384,5.0,,,,-0.0415584415584414,5.5,0.0,draftkings,,,,,,,,,,
2025-10-09 13:02:07,2025020010,MTL@DET,WIN,,UNDER,6.5,-110,5.054273792444864,-1.4457262075551365,0.8054858801960167,5.0,,,,-0.0454545454545454,6.5,0.0,,,,,,,,,,,
2025-10-09 13:02:07,2025020012,PHI@FLA,LOSS,,OVER,5.5,-118,6.718378416564309,1.2183784165643088,0.9155375127394352,5.0,,,,-0.0441916999479077,5.5,0.0,draftkings,,,,,,,,,,
2025-10-09 13:02:07,2025020013,NYI@PIT,WIN,,OVER,5.5,-128,7.532536549226434,2.0325365492264336,0.95,5.0,,,,-0.036231884057971,5.5,0.0,fanduel,,,,,,,,,,
2025-10-09 13:02:07,2025020014,NJD@CAR,WIN,,OVER,5.5,-120,6.800488399645773,1.300488399645773,0.9247074081090472,5.0,,,,-0.0434782608695651,5.5,0.0,draftkings,,,,,,,,,,
2025-10-09 13:02:07,2025020015,MIN@STL,WIN,,UNDER,6.5,-110,6.131761681631929,-0.3682383183680713,0.6472964847273307,5.0,,,,-0.0454545454545454,6.5,0.0,,,,,,,,,,,
2025-10-09 13:02:07,2025020016,CBJ@NSH,WIN,,UNDER,6.5,-124,5.490867143327112,-1.0091328566728883,0.9198087534322876,5.0,,,,-0.0397323295692179,6.5,0.0,fanduel,,,,,,,,,,
2025-10-09 13:02:07,2025020017,DAL@WPG,WIN,,OVER,5.5,-118,6.554864314781927,1.054864314781927,0.8889945379768255,5.0,,,,-0.0441916999479077,5.5,0.0,draftkings,,,,,,,,,,
2025-10-09 13:02:07,2025020018,UTA@COL,LOSS,,OVER,6.5,104,7.646771276989393,1.1467712769893934,0.9003527464779685,5.0,,,,-0.0344234079173838,6.5,0.0,fanduel,,,,,,,,,,
2025-10-09 13:02:07,2025020019,CGY@VAN,WIN,,OVER,5.5,-135,7.349633445872911,1.849633445872911,0.95,5.0,,,,-0.0400839854934147,5.5,0.0,draftkings,,,,,,,,,,
2025-10-09 13:02:07,2025020020,VGK@SJS,WIN,,OVER,6.5,-102,7.150823916651554,0.6508239166515537,0.8222842729568705,5.0,,,,-0.0441916999479076,6.5,0.0,draftkings,,,,,,,,,,
2025-10-09 14:27:30,2025020011,OTT@TBL,LOSS,,UNDER,6.5,-135,5.367725020057565,-1.1322749799424354,0.9380061245013386,5.0,,,,-0.0400839854934147,6.5,0.0,draftkings,,,,,,,,,,
2025-10-09 14:27:30,2025020012,PHI@FLA,LOSS,,OVER,5.5,-118,6.437811942223675,0.937811942223675,0.8725936646260729,5.0,,,,-0.0441916999479077,5.5,0.0,draftkings,,,,,,,,,,
2025-10-09 14:27:30,2025020013,NYI@PIT,WIN,,OVER,5.5,-130,7.091816419305497,1.5918164193054969,0.95,5.0,,,,-0.0397614314115307,5.5,0.0,draftkings,,,,,,,,,,
2025-10-09 14:27:30,2025020014,NJD@CAR,WIN,,OVER,5.5,-120,6.903500533413335,1.403500533413335,0.9404745714408166,5.0,,,,-0.0434782608695651,5.5,0.0,draftkings,,,,,,,,,,
2025-10-09 14:27:30,2025020015,MIN@STL,WIN,,UNDER,6.5,-110,5.243140036980029,-1.2568599630199708,0.6189118108672299,5.0,,,,-0.0454545454545454,6.5,0.0,,,,,,,,,,,
2025-10-09 14:27:30,2025020016,CBJ@NSH,WIN,,UNDER,6.5,-124,5.321237144671168,-1.1787628553288323,0.6079122362067684,5.0,,,,-0.0397323295692179,6.5,0.0,fanduel,,,,,,,,,,
2025-10-09 14:27:30,2025020017,DAL@WPG,WIN,,OVER,5.5,-118,5.941735262519102,0.441735262519102,0.6349894271266215,5.0,,,,-0.0441916999479077,5.5,0.0,draftkings,,,,,,,,,,
2025-10-09 14:27:30,2025020019,CGY@VAN,WIN,,OVER,5.5,-134,6.831340154621173,1.3313401546211727,0.9285571665236492,5.0,,,,-0.0384054074813732,5.5,0.0,fanduel,,,,,,,,,,
2025-10-09 14:27:30,2025020020,VGK@SJS,WIN,,OVER,6.5,-102,7.4858336579420435,0.9858336579420436,0.8735612741748026,5.0,,,,-0.0441916999479076,6.5,0.0,draftkings,,,,,,,,,,
2025-10-09 14:27:30,2025020021,ANA@SEA,WIN,,UNDER,6.5,-130,5.52714132473758,-0.9728586752624198,0.5639967849678309,4.353518942278979,,,,-0.0397614314115307,6.5,0.0,draftkings,,,,,,,,,,
2025-10-09 23:50:59,2025020015,MIN@STL,WIN,,UNDER,6.5,-110,6.0909959287969215,-0.4090040712030784,0.5242591903150217,5.0,,,,-0.0454545454545454,6.5,0.0,,,,,,,,,,,
2025-10-09 23:50:59,2025020015,MIN@STL,WIN,,UNDER,6.5,-110,6.095675221210456,-0.4043247787895438,0.523571059077737,5.0,,,,-0.0454545454545454,6.5,0.0,,,,,,,,,,,
2025-10-09 23:50:59,2025020015,MIN@STL,WIN,,UNDER,6.5,-110,6.084517145003294,-0.4154828549967062,0.5252119526376139,5.0,,,,-0.0454545454545454,6.5,0.0,,,,,,,,,,,
2025-10-09 23:50:59,2025020015,MIN@STL,WIN,,UNDER,6.5,-110,6.108108570839432,-0.3918914291605677,0.5217426253087699,5.0,,,,-0.0454545454545454,6.5,0.0,,,,,,,,,,,
2025-10-09 23:50:59,2025020017,DAL@WPG,LOSS,,UNDER,6.5,-110,5.366694624699079,-1.133305375300921,0.6314358526823515,5.0,,,,-0.0454545454545454,6.5,0.0,,,,,,,,,,,
2025-10-09 23:50:59,2025020017,DAL@WPG,LOSS,,UNDER,6.5,-110,5.376163735884374,-1.123836264115626,0.6300433363315726,5.0,,,,-0.0454545454545454,6.5,0.0,,,,,,,,,,,
2025-10-09 23:50:59,2025020017,DAL@WPG,LOSS,,UNDER,6.5,-110,5.38743230901069,-1.1125676909893096,0.6283861932247613,5.0,,,,-0.0454545454545454,6.5,0.0,,,,,,,,,,,
2025-10-09 23:50:59,2025020017,DAL@WPG,LOSS,,UNDER,6.5,-110,5.408796498565073,-1.0912035014349266,0.6252444006432346,5.0,,,,-0.0454545454545454,6.5,0.0,,,,,,,,,,,
2025-10-09 23:50:59,2025020018,UTA@COL,WIN,,UNDER,6.5,-110,5.923192528905531,-0.5768074710944688,0.5522008667696378,5.0,,,,-0.0454545454545454,6.5,0.0,,,,,,,,,,,
2025-10-09 23:50:59,2025020019,CGY@VAN,WIN,,OVER,3.5,118,5.751345176947364,2.251345176947364,0.93,5.0,,,,-0.0481197647478167,3.5,0.0,fanduel,,,,,,,,,,
2025-10-10 08:42:40,2025020019,CGY@VAN,WIN,,UNDER,6.5,-110,6.203901048768151,-0.2960989512318495,0.5569989545037924,5.0,,,,-0.0454545454545454,6.5,0.0,,,,,,,,,,,
2025-10-10 08:42:40,2025020021,ANA@SEA,WIN,,UNDER,6.5,-110,6.3452646472863865,-0.1547353527136135,0.475592542956993,5.0,,,,-0.0454545454545454,6.5,0.0,,,,,,,,,,,
2025-10-10 11:11:04,demo_1,EDM@COL,,,UNDER,6.5,-110,3.483309327910036,-3.0166906720899647,0.95,5.0,,,,-0.0454545454545454,6.5,0.0,,,,,,,,,,,
2025-10-10 11:11:04,demo_2,VGK@FLA,,,UNDER,6.5,-110,3.473066060842329,-3.026933939157671,0.95,5.0,,,,-0.0454545454545454,6.5,0.0,,,,,,,,6.0,,,-0.5
2025-10-10 11:11:04,demo_0,TOR@BOS,,,UNDER,6.5,-110,3.377547432977891,-3.122452567022109,0.95,5.0,,,,-0.0454545454545454,6.5,0.0,,,,,,,,6.5,,,0.0
2025-10-10 11:11:04,demo_3,NYR@CAR,,,UNDER,6.5,-110,3.940636281897994,-2.559363718102006,0.9206131291438724,5.0,,,,-0.0454545454545454,6.5,0.0,,,,,,,,,,,
2025-10-10 15:36:34,2025020018,UTA@COL,WIN,,UNDER,6.5,-110,6.133122231017987,-0.3668777689820128,0.5368072916658829,5.0,,,,-0.0454545454545454,6.5,0.0,,,,,,,,,,,
2025-10-10 15:36:34,2025020019,CGY@VAN,WIN,,UNDER,6.5,-110,5.768350223432569,-0.7316497765674308,0.6104943516049149,5.0,,,,-0.0454545454545454,6.5,0.0,,,,,,,,,,,
2025-10-10 15:36:34,2025020021,ANA@SEA,WIN,,UNDER,6.5,-110,6.281774457897259,-0.2182255421027408,0.5143731406542253,5.0,,,,-0.0454545454545454,6.5,0.0,,,,,,,,,,,
2025-10-10 20:27:29,2025020018,UTA@COL,WIN,,UNDER,6.5,-110,6.042209793074523,-0.4577902069254769,0.5502113377761221,5.0,,,,-0.0454545454545454,6.5,0.0,,,,,,,,,,,
2025-10-10 20:27:29,2025020019,CGY@VAN,WIN,,UNDER,6.5,-110,5.984492138732371,-0.5155078612676292,0.5787433457676151,5.0,,,,-0.0454545454545454,6.5,0.0,,,,,,,,,,,
2025-10-10 20:27:29,2025020021,ANA@SEA,WIN,,UNDER,6.5,-110,5.947018248780188,-0.5529817512198125,0.5636365648782301,5.0,,,,-0.0454545454545454,6.5,0.0,,,,,,,,,,,
2025-10-10 21:44:29,2025020018,UTA@COL,WIN,,UNDER,6.5,-110,6.119969063989917,-0.3800309360100833,0.6258574905897182,5.0,,,,-0.0454545454545454,6.5,0.0,,,,,,,,,,,
2025-10-10 21:44:29,2025020019,CGY@VAN,WIN,,UNDER,6.5,-110,5.5904965780463485,-0.9095034219536516,0.723765209110831,5.0,,,,-0.0454545454545454,6.5,0.0,,,,,,,,,,,
2025-10-10 21:57:27,2025020018,UTA@COL,WIN,,UNDER,6.5,-110,5.477852969524815,-1.0221470304751854,0.9202863280110568,5.0,,,,-0.0454545454545454,6.5,0.0,,,,,,,,,,,
2025-10-10 22:00:12,2025020018,UTA@COL,WIN,,UNDER,6.5,-110,4.713243696650141,-1.7867563033498586,0.95,5.0,,,,-0.0454545454545454,6.5,0.0,,,,,,,,,,,
2025-10-10 22:08:18,2025020018,UTA@COL,WIN,,UNDER,6.5,-110,5.5884302184926815,-0.9115697815073184,0.9040249678687234,5.0,,,,-0.0454545454545454,6.5,0.0,,,,,,,,,,,
2025-10-10 22:08:18,2025020019,CGY@VAN,WIN,,UNDER,6.5,-110,5.225081609255473,-1.274918390744527,0.95,5.0,,,,-0.0454545454545454,6.5,0.0,,,,,,,,,,,
2025-10-10 22:27:52,2025020018,UTA@COL,WIN,,UNDER,6.5,-110,5.911324003673466,-0.5886759963265336,0.8565405876950786,5.0,,,,-0.0454545454545454,6.5,0.0,,,,,,,,,,,
2025-10-10 22:45:39,2025020018,UTA@COL,WIN,,UNDER,6.5,-110,5.2613445577863205,-1.2386554422136795,0.6854591336588745,5.0,,,,-0.0454545454545454,6.5,0.0,,,,,,,,,,,
2025-10-10 22:45:39,2025020019,CGY@VAN,WIN,,UNDER,6.5,-110,4.52109823584486,-1.9789017641551403,0.8143630045326188,5.0,,,,-0.0454545454545454,6.5,0.0,,,,,,,,,,,
2025-10-10 23:56:27,2025020018,UTA@COL,WIN,,UNDER,6.5,-110,6.141636152789116,-0.3583638472108843,0.556004487334934,2.0,,,,-0.0454545454545454,6.5,0.0,,,,,,,,,,,
2025-10-10 23:57:27,2025020018,UTA@COL,WIN,,UNDER,6.5,-110,5.693115484394682,-0.8068845156053177,0.8886300758243116,2.0,,,,-0.0454545454545454,6.5,0.0,,,,,,,,,,,
2025-10-10 23:57:27,2025020019,CGY@VAN,WIN,,UNDER,6.5,-110,5.36924839586604,-1.1307516041339598,0.95,2.0,,,,-0.0454545454545454,6.5,0.0,,,,,,,,,,,
2025-10-11 00:03:39,2025020029,NYR@PIT,LOSS,,UNDER,6.5,-135,5.440486886550869,-1.059513113449131,0.9284283990366368,2.0,,,,-0.0360805165210787,6.5,0.0,draftkings,,,,,,,,,,
2025-10-11 00:03:39,2025020034,DAL@COL,LOSS,,UNDER,6.5,-130,5.216349887822728,-1.2836501121772723,0.95,2.0,,,,-0.0397614314115307,6.5,0.0,draftkings,,,,,,,,,,
2025-10-11 11:56:50,2025020029,NYR@PIT,LOSS,,UNDER,6.5,-135,5.030838225283272,-1.4691617747167278,0.7886708492230482,2.0,,,,-0.0400839854934147,6.5,0.0,draftkings,,,,,,,,,,
2025-10-11 11:56:50,2025020034,DAL@COL,LOSS,,UNDER,6.5,-130,5.245510313634252,-1.2544896863657478,0.7593073068184922,2.0,,,,-0.0397614314115307,6.5,0.0,draftkings,,,,,,,,,,
2025-10-11 11:58:24,2025020029,NYR@PIT,LOSS,,UNDER,6.0,116,4.9493622400983535,-1.0506377599016463,0.7060991999855363,2.0,,,,0.0749767441860465,6.0,0.0,fanduel,,,,,,,,,,
2025-10-11 11:58:24,2025020034,DAL@COL,LOSS,,UNDER,6.5,-130,4.930792578333012,-1.569207421666988,0.8055893267157336,2.0,,,,-0.0397614314115307,6.5,0.0,draftkings,,,,,,,,,,
2025-10-11 12:13:15,2025020023,STL@CGY,WIN,,UNDER,6.5,-110,6.122661623749246,-0.377338376250754,0.5264068869904863,2.0,,,,-0.0454545454545454,6.5,0.0,,,,,,,,,,,
2025-10-11 12:13:15,2025020025,TOR@DET,LOSS,,UNDER,6.5,-132,6.308528768547235,-0.1914712314527653,0.5011470127554879,2.0,,,,-0.034986782770953,6.5,0.0,fanduel,,,,,,,,,,
2025-10-11 12:13:15,2025020026,NJD@TBL,LOSS,,UNDER,6.5,-130,6.107290902713446,-0.3927090972865539,0.5317996400839863,2.0,,,,-0.0397614314115307,6.5,0.0,draftkings,,,,,,,,,,
2025-10-11 12:13:15,2025020031,MTL@CHI,WIN,,UNDER,6.5,-110,6.085718284685047,-0.4142817153149529,0.5302956133234568,2.0,,,,-0.0454545454545454,6.5,0.0,,,,,,,,,,,
2025-10-11 12:13:15,2025020034,DAL@COL,LOSS,,UNDER,6.5,-130,6.146223165406118,-0.3537768345938819,0.5276625426291816,2.0,,,,-0.0397614314115307,6.5,0.0,draftkings,,,,,,,,,,
2025-10-11 12:13:15,2025020037,VGK@SEA,WIN,,UNDER,6.5,-135,6.123561127790097,-0.3764388722099028,0.532715783455067,2.0,,,,-0.0400839854934147,6.5,0.0,draftkings,,,,,,,,,,
2025-10-11 15:52:08,2025020022,LAK@WPG,LOSS,,OVER,5.5,130,6.291188804966991,0.7911888049669908,0.5822703953180768,2.0,,,,-0.0177935943060495,5.5,0.0,draftkings,,,,,,,,,,
2025-10-11 15:52:08,2025020023,STL@CGY,WIN,,UNDER,6.5,-110,5.930754064866072,-0.5692459351339281,0.5801313681698501,2.0,,,,-0.0454545454545454,6.5,0.0,,,,,,,,,,,
2025-10-11 15:52:08,2025020026,NJD@TBL,LOSS,,UNDER,6.5,-130,5.980196282391243,-0.5198037176087569,0.5759928067690897,2.0,,,,-0.0397614314115307,6.5,0.0,draftkings,,,,,,,,,,
2025-10-11 15:52:08,2025020027,OTT@FLA,LOSS,,UNDER,5.5,-102,5.296538712056691,-0.2034612879433091,0.5293836259359357,2.0,,,,-0.0441916999479076,5.5,0.0,draftkings,,,,,,,,,,
2025-10-11 15:52:08,2025020031,MTL@CHI,WIN,,UNDER,6.5,-110,5.92573901102284,-0.5742609889771604,0.5793247584409137,2.0,,,,-0.0454545454545454,6.5,0.0,,,,,,,,,,,
2025-10-11 15:52:08,2025020034,DAL@COL,LOSS,,UNDER,6.5,-128,5.859538520930779,-0.6404614790692209,0.8690090410395913,2.0,,,,-0.036231884057971,6.5,0.0,fanduel,,,,,,,,,,
2025-10-11 15:52:08,2025020036,ANA@SJS,LOSS,,UNDER,6.5,-102,6.345078449079822,-0.1549215509201778,0.5228189587266516,2.0,,,,-0.0362939183163901,6.5,0.0,draftkings,,,,,,,,,,
2025-10-11 15:52:08,2025020037,VGK@SEA,WIN,,UNDER,6.5,-130,6.091317191835745,-0.4086828081642553,0.608073102040962,2.0,,,,-0.0314836678473043,6.5,0.0,fanduel,,,,,,,,,,
2025-10-11 17:02:27,2025020023,STL@CGY,WIN,,UNDER,6.5,-110,6.183139846256323,-0.3168601537436766,0.5678111337204753,2.0,,,,-0.0454545454545454,6.5,0.0,,,,,,,,,,,
2025-10-11 17:02:27,2025020026,NJD@TBL,LOSS,,UNDER,6.5,-130,6.31826066259655,-0.1817393374034503,0.485675952979499,2.0,,,,-0.0397614314115307,6.5,0.0,draftkings,,,,,,,,,,
2025-10-11 17:02:27,2025020029,NYR@PIT,LOSS,,UNDER,6.5,-135,6.191998859399735,-0.3080011406002647,0.5690230435523265,2.0,,,,-0.0400839854934147,6.5,0.0,draftkings,,,,,,,,,,
2025-10-11 17:02:27,2025020031,MTL@CHI,WIN,,UNDER,6.5,-110,6.110608086528466,-0.3893919134715338,0.5769334513275131,2.0,,,,-0.0454545454545454,6.5,0.0,,,,,,,,,,,
2025-10-11 17:02:27,2025020034,DAL@COL,LOSS,,UNDER,6.5,-128,5.840606462518565,-0.659393537481435,0.6229042783877926,2.0,,,,-0.036231884057971,6.5,0.0,fanduel,,,,,,,,,,
2025-10-11 17:02:27,2025020037,VGK@SEA,WIN,,UNDER,6.5,-130,6.272246920722155,-0.2277530792778446,0.5611483286519705,2.0,,,,-0.0314836678473043,6.5,0.0,fanduel,,,,,,,,,,
2025-10-11 20:50:41,2025020023,STL@CGY,WIN,,UNDER,6.5,-110,6.203522587370838,-0.2964774126291623,0.5060102529884515,2.0,,,,-0.0454545454545454,6.5,0.0,,,,,,,,,,,
2025-10-11 20:50:41,2025020023,STL@CGY,WIN,,UNDER,6.5,-110,6.209327641256426,-0.2906723587435742,0.505156568593512,2.0,,,,-0.0454545454545454,6.5,0.0,,,,,,,,,,,
2025-10-11 20:50:41,2025020026,NJD@TBL,LOSS,,UNDER,7.5,-145,5.955023738533214,-1.544976261466786,0.93,2.0,,,,-0.0350109409190371,7.5,0.0,draftkings,,,,,,,,,,
2025-10-11 20:50:41,2025020031,MTL@CHI,WIN,,UNDER,6.5,-110,6.282053004335039,-0.2179469956649606,0.4929175446113629,2.0,,,,-0.0454545454545454,6.5,0.0,,,,,,,,,,,
2025-10-11 20:50:41,2025020030,PHI@CAR,WIN,,UNDER,7.5,-175,6.120811503048646,-1.379188496951354,0.93,2.0,,,,-0.0177232447171097,7.5,0.0,draftkings,,,,,,,,,,
2025-10-11 20:50:41,2025020029,NYR@PIT,LOSS,,UNDER,6.5,165,6.267242096570672,-0.2327579034293281,0.526846750504313,2.0,,,,-0.0519330640507789,6.5,0.0,fanduel,,,,,,,,,,
2025-10-11 20:50:41,2025020024,BUF@BOS,LOSS,,OVER,4.5,110,6.291678945974425,1.7916789459744251,0.93,2.0,,,,-0.0482160077145611,4.5,0.0,draftkings,,,,,,,,,,
2025-10-11 20:50:41,2025020027,OTT@FLA,LOSS,,UNDER,7.0,-128,5.5540014516892775,-1.4459985483107225,0.8764819041633415,2.0,,,,0.0224215246636771,7.0,0.0,fanduel,,,,,,,,,,
2025-10-11 20:50:41,2025020025,TOR@DET,LOSS,,UNDER,7.5,-166,5.927103247316008,-1.5728967526839917,0.93,2.0,,,,-0.0359432097286288,7.5,0.0,draftkings,,,,,,,,,,
2025-10-11 20:50:41,2025020028,WSH@NYI,WIN,,UNDER,6.5,160,6.204770162588038,-0.2952298374119619,0.513077917266465,2.0,,,,-0.0584112149532709,6.5,0.0,draftkings,,,,,,,,,,
2025-10-11 20:50:41,2025020032,UTA@NSH,WIN,,UNDER,6.5,-130,6.419935141452942,-0.0800648585470575,0.4831124791980966,2.0,,,,-0.0397614314115307,6.5,0.0,draftkings,,,,,,,,,,
2025-10-11 20:50:41,2025020034,DAL@COL,LOSS,,UNDER,6.5,-128,5.861060789005615,-0.6389392109943852,0.8687851780874095,2.0,,,,-0.036231884057971,6.5,0.0,fanduel,,,,,,,,,,
2025-10-11 20:50:41,2025020037,VGK@SEA,WIN,,UNDER,6.5,-132,6.279494584742384,-0.220505415257616,0.5289713845967081,2.0,,,,-0.034986782770953,6.5,0.0,fanduel,,,,,,,,,,
2025-10-12 22:19:29,2025020038,WSH@NYR,WIN,,UNDER,6.5,-110,5.9943081696669465,-0.5056918303330535,0.5653282542412523,2.0,,,,-0.0454545454545454,6.5,0.0,,,,,,,,,,,
2025-10-12 23:39:49,2025020038,WSH@NYR,WIN,,UNDER,6.5,-110,5.635424080254794,-0.8645759197452056,0.6320356744723342,2.0,,,,-0.0454545454545454,6.5,0.0,,,,,,,,,,,
2025-10-13 09:42:13,2025020040,TBL@BOS,WIN,,OVER,5.5,-135,6.474358423126958,0.974358423126958,0.6018917713090172,2.0,,,,-0.0400839854934147,5.5,0.0,draftkings,,,,,,,,,,
2025-10-13 09:42:13,2025020042,WPG@NYI,WIN,,OVER,5.5,-112,6.704844155147774,1.2048441551477742,0.6368946894754686,2.0,,,,-0.0411031090813281,5.5,0.0,draftkings,,,,,,,,,,
2025-10-13 09:42:13,2025020043,DET@TOR,WIN,,UNDER,6.5,-134,6.2605091135436,-0.2394908864563998,0.5458572570580679,2.0,,,,-0.0384054074813732,6.5,0.0,fanduel,,,,,,,,,,
2025-10-13 09:42:13,2025020044,FLA@PHI,WIN,,OVER,5.5,-120,6.248706779667796,0.7487067796677955,0.552535824346184,2.0,,,,-0.0434782608695651,5.5,0.0,fanduel,,,,,,,,,,
2025-10-13 09:42:13,2025020046,STL@VAN,LOSS,,UNDER,6.5,-110,6.028964231535813,-0.471035768464187,0.5775256220592131,2.0,,,,-0.0454545454545454,6.5,0.0,,,,,,,,,,,
2025-10-13 12:23:10,2025020043,DET@TOR,WIN,,UNDER,6.5,-135,6.259939881880555,-0.2400601181194446,0.5033698400941166,2.0,,,,-0.0400839854934147,6.5,0.0,draftkings,,,,,,,,,,
2025-10-13 12:23:10,2025020045,NJD@CBJ,WIN,,UNDER,6.5,-118,6.030050355692191,-0.4699496443078086,0.5378388880629935,2.0,,,,-0.0441916999479077,6.5,0.0,fanduel,,,,,,,,,,
2025-10-13 12:23:10,2025020046,STL@VAN,LOSS,,UNDER,6.5,-110,6.26882930610072,-0.2311706938992799,0.4996802188852688,2.0,,,,-0.0454545454545454,6.5,0.0,,,,,,,,,,,
2025-10-13 14:03:15,2025020041,NSH@OTT,WIN,,OVER,4.5,-102,6.230397274922304,1.7303972749223044,0.93,2.0,,,,-0.0570539419087137,4.5,0.0,fanduel,,,,,,,,,,
2025-10-13 14:03:15,2025020043,DET@TOR,WIN,,UNDER,6.5,-124,6.257003564629561,-0.242996435370439,0.5323556849400971,2.0,,,,-0.028901734104046,6.5,0.0,fanduel,,,,,,,,,,
2025-10-13 14:03:15,2025020045,NJD@CBJ,WIN,,UNDER,6.5,-118,6.137662677091795,-0.3623373229082052,0.5505675801662392,2.0,,,,-0.0441916999479077,6.5,0.0,fanduel,,,,,,,,,,
2025-10-13 14:03:15,2025020046,STL@VAN,LOSS,,UNDER,6.5,-110,6.215830516435904,-0.2841694835640957,0.5360281920273996,2.0,,,,-0.0454545454545454,6.5,0.0,,,,,,,,,,,
2025-10-13 14:51:17,2025020039,COL@BUF,LOSS,,OVER,5.5,142,6.929455535451536,1.4294555354515357,0.7579756205056205,2.0,,,,-0.0472440944881891,5.5,0.0,fanduel,,,,,,,,,,
2025-10-13 14:51:17,2025020042,WPG@NYI,WIN,,UNDER,8.5,-130,6.649081876400245,-1.850918123599756,0.93,2.0,,,,-0.0482121333869023,8.5,0.0,draftkings,,,,,,,,,,
2025-10-13 14:51:17,2025020040,TBL@BOS,WIN,,UNDER,9.5,-188,6.683232132500209,-2.8167678674997907,0.93,2.0,,,,-0.050131926121372,9.5,0.0,fanduel,,,,,,,,,,
2025-10-13 14:51:17,2025020041,NSH@OTT,WIN,,OVER,3.5,100,6.205991025877105,2.705991025877105,0.93,2.0,,,,-0.0337078651685394,3.5,0.0,draftkings,,,,,,,,,,
2025-10-13 14:51:17,2025020045,NJD@CBJ,WIN,,UNDER,6.5,-118,6.175424857823174,-0.3245751421768261,0.5158079690876285,2.0,,,,-0.0441916999479077,6.5,0.0,fanduel,,,,,,,,,,
2025-10-13 14:51:17,2025020046,STL@VAN,LOSS,,UNDER,6.5,-110,6.181056532033801,-0.3189434679661991,0.5119356640566539,2.0,,,,-0.0454545454545454,6.5,0.0,,,,,,,,,,,
2025-10-13 18:47:42,2025020045,NJD@CBJ,WIN,,UNDER,6.5,-112,6.047503866661751,-0.4524961333382489,0.5464240378355751,2.0,,,,-0.0411031090813281,6.5,0.0,draftkings,,,,,,,,,,
2025-10-13 18:47:42,2025020046,STL@VAN,LOSS,,UNDER,6.5,-110,5.960842182848653,-0.5391578171513469,0.5561242854551484,2.0,,,,-0.0454545454545454,6.5,0.0,,,,,,,,,,,
2025-10-13 19:51:53,2025020043,DET@TOR,WIN,,UNDER,6.5,-110,6.384015435440529,-0.1159845645594712,0.4978592222829893,2.0,,,,-0.0454545454545454,6.5,0.0,,,,,,,,,,,
2025-10-13 19:51:53,2025020045,NJD@CBJ,LOSS,,OVER,5.5,-105,6.087326408602114,0.5873264086021139,0.4551428845551912,2.0,,,,-0.0429755671902268,5.5,0.0,draftkings,,,,,,,,,,
2025-10-13 19:51:53,2025020046,STL@VAN,LOSS,,UNDER,6.5,-110,5.691841628588778,-0.8081583714112224,0.5972671350553057,2.0,,,,-0.0454545454545454,6.5,0.0,,,,,,,,,,,
2025-10-13 20:33:07,2025020043,DET@TOR,WIN,,UNDER,6.5,-110,6.392547326216499,-0.1074526737835013,0.4999783343799265,2.0,,,,-0.0454545454545454,6.5,0.0,,,,,,,,,,,
2025-10-13 20:33:07,2025020044,FLA@PHI,WIN,,OVER,4.5,105,6.754203558300934,2.254203558300934,0.93,2.0,,,,-0.0586223742061552,4.5,0.0,draftkings,,,,,,,,,,
2025-10-13 20:33:07,2025020045,NJD@CBJ,WIN,,UNDER,6.5,-125,6.292093711147951,-0.2079062888520493,0.515412689537066,2.0,,,,-0.0437499999999999,6.5,0.0,draftkings,,,,,,,,,,
2025-10-13 20:33:07,2025020046,STL@VAN,LOSS,,UNDER,6.5,-110,5.8399867954650455,-0.6600132045349545,0.5788548830198461,2.0,,,,-0.0454545454545454,6.5,0.0,,,,,,,,,,,
2025-10-13 20:33:07,2025020047,LAK@MIN,WIN,,OVER,4.5,-166,6.078616094115825,1.5786160941158247,0.93,2.0,,,,-0.0555727076258105,4.5,0.0,draftkings,,,,,,,,,,
2025-10-14 09:27:44,2025020049,NSH@TOR,LOSS,,UNDER,6.5,-115,5.465526718534179,-1.0344732814658206,0.6420804697807793,2.0,,,,-0.0337078651685393,6.5,0.0,draftkings,,,,,,,,,,
2025-10-14 09:27:44,2025020050,SEA@MTL,LOSS,,UNDER,6.5,-110,5.617631523739752,-0.8823684762602477,0.6167562337211362,2.0,,,,-0.0454545454545454,6.5,0.0,,,,,,,,,,,
2025-10-14 09:27:44,2025020056,PIT@ANA,LOSS,,UNDER,6.5,-130,5.881272885212258,-0.6187271147877418,0.5846030923281206,2.0,,,,-0.0397614314115307,6.5,0.0,draftkings,,,,,,,,,,
2025-10-14 11:13:25,2025020049,NSH@TOR,LOSS,,UNDER,6.5,-115,5.623883754283703,-0.8761162457162968,0.59041944129007,2.0,,,,-0.0337078651685393,6.5,0.0,draftkings,,,,,,,,,,
2025-10-14 11:13:25,2025020050,SEA@MTL,LOSS,,UNDER,6.5,-110,5.376476050843419,-1.1235239491565814,0.667292737621066,2.0,,,,-0.0454545454545454,6.5,0.0,,,,,,,,,,,
2025-10-14 11:13:25,2025020056,PIT@ANA,LOSS,,UNDER,6.5,-128,6.101332152756302,-0.3986678472436979,0.5238682062205703,2.0,,,,-0.036231884057971,6.5,0.0,fanduel,,,,,,,,,,
2025-10-14 12:12:41,2025020049,NSH@TOR,LOSS,,UNDER,6.5,-115,5.477736959388548,-1.0222630406114517,0.6286906432271743,2.0,,,,-0.0337078651685393,6.5,0.0,draftkings,,,,,,,,,,
2025-10-14 12:12:41,2025020050,SEA@MTL,LOSS,,UNDER,6.5,-110,5.48250258129974,-1.01749741870026,0.6250339341225873,2.0,,,,-0.0454545454545454,6.5,0.0,,,,,,,,,,,
2025-10-14 12:12:41,2025020056,PIT@ANA,LOSS,,UNDER,6.5,-128,6.200512456674973,-0.2994875433250268,0.5251084530053123,2.0,,,,-0.036231884057971,6.5,0.0,fanduel,,,,,,,,,,
2025-10-14 14:00:30,2025020049,NSH@TOR,LOSS,,UNDER,6.5,-115,5.850052189511164,-0.6499478104888361,0.5725348947313303,2.0,,,,-0.0383082373782107,6.5,0.0,draftkings,,,,,,,,,,
2025-10-14 14:00:30,2025020050,SEA@MTL,LOSS,,UNDER,6.5,-110,5.063407371195114,-1.4365926288048856,0.95,2.0,,,,-0.0454545454545454,6.5,0.0,,,,,,,,,,,
2025-10-14 14:00:30,2025020056,PIT@ANA,LOSS,,UNDER,6.5,-122,6.2844164228878965,-0.2155835771121035,0.5123195662935756,2.0,,,,-0.0382262996941896,6.5,0.0,draftkings,,,,,,,,,,
2025-10-14 14:35:44,2025020049,NSH@TOR,LOSS,,UNDER,6.5,-115,5.715424129272893,-0.7845758707271067,0.6101469040662034,2.0,,,,-0.0383082373782107,6.5,0.0,draftkings,,,,,,,,,,
2025-10-14 14:35:44,2025020050,SEA@MTL,LOSS,,UNDER,6.5,-110,5.179448118281934,-1.3205518817180657,0.6860110233295797,2.0,,,,-0.0454545454545454,6.5,0.0,,,,,,,,,,,
2025-10-14 14:35:44,2025020056,PIT@ANA,LOSS,,UNDER,6.5,-122,6.027663644804479,-0.4723363551955213,0.538507863575388,2.0,,,,-0.033803769120257,6.5,0.0,draftkings,,,,,,,,,,
2025-10-14 17:02:11,2025020049,NSH@TOR,LOSS,,UNDER,6.5,-110,5.465224818234661,-1.0347751817653386,0.6173704908249256,2.0,,,,-0.0454545454545454,6.5,0.0,,,,,,,,,,,
2025-10-14 17:02:11,2025020052,TBL@WSH,WIN,,UNDER,7.5,-110,5.453745380255942,-2.046254619744058,0.785106071530989,2.0,,,,-0.0454545454545454,7.5,0.0,,,,,,,,,,,
2025-10-14 17:02:11,2025020053,VGK@CGY,WIN,,UNDER,7.5,-110,6.023080437732721,-1.4769195622672786,0.7076009160196979,2.0,,,,-0.0454545454545454,7.5,0.0,,,,,,,,,,,
2025-10-14 17:31:11,2025020049,NSH@TOR,LOSS,,UNDER,6.5,-115,5.565480258663652,-0.9345197413363476,0.6186746903239103,2.0,,,,-0.0383082373782107,6.5,0.0,draftkings,,,,,,,,,,
2025-10-14 17:31:11,2025020050,SEA@MTL,LOSS,,UNDER,6.5,-110,5.4672622498758585,-1.0327377501241417,0.6301626327927035,2.0,,,,-0.0454545454545454,6.5,0.0,,,,,,,,,,,
2025-10-14 17:31:11,2025020056,PIT@ANA,LOSS,,UNDER,6.5,-122,5.878113658082718,-0.621886341917282,0.5763609551152242,2.0,,,,-0.033803769120257,6.5,0.0,draftkings,,,,,,,,,,
2025-10-14 20:46:23,2025020049,NSH@TOR,LOSS,,UNDER,8.5,-138,5.679600472810711,-2.8203995271892888,0.9138387752322392,2.0,,,,-0.0450011250281257,8.5,0.0,fanduel,,,,,,,,,,
2025-10-14 20:46:23,2025020050,SEA@MTL,LOSS,,UNDER,6.5,-110,5.284615816365089,-1.215384183634911,0.6936221084530978,2.0,,,,-0.0454545454545454,6.5,0.0,,,,,,,,,,,
2025-10-14 20:46:23,2025020051,EDM@NYR,LOSS,,OVER,3.5,154,5.722852258023963,2.2228522580239627,0.8468294272485656,2.0,,,,-0.054936822653948,3.5,0.0,draftkings,,,,,,,,,,
2025-10-14 20:46:23,2025020056,PIT@ANA,LOSS,,UNDER,6.5,-125,5.991135956713486,-0.5088640432865139,0.5963397348724512,2.0,,,,-0.0393782383419688,6.5,0.0,draftkings,,,,,,,,,,
2025-10-14 22:06:13,2025020052,TBL@WSH,WIN,,UNDER,6.5,-110,5.624321963644356,-0.8756780363556445,0.5834779202443362,2.0,,,,-0.0454545454545454,6.5,0.0,,,,,,,,,,,
2025-10-14 22:06:13,2025020052,TBL@WSH,WIN,,UNDER,6.5,-110,5.6064074061409945,-0.8935925938590055,0.5861124139948305,2.0,,,,-0.0454545454545454,6.5,0.0,,,,,,,,,,,
2025-10-14 22:06:13,2025020052,TBL@WSH,WIN,,UNDER,6.5,-110,5.611435265642612,-0.8885647343573879,0.5853730228916514,2.0,,,,-0.0454545454545454,6.5,0.0,,,,,,,,,,,
2025-10-14 22:06:13,2025020052,TBL@WSH,WIN,,UNDER,6.5,-110,5.60039517278429,-0.8996048272157102,0.5869965659590518,2.0,,,,-0.0454545454545454,6.5,0.0,,,,,,,,,,,
2025-10-14 22:06:13,2025020053,VGK@CGY,WIN,,UNDER,6.5,-140,5.952240118704427,-0.5477598812955726,0.5214752503825609,2.0,,,,-0.0561797752808987,6.5,0.0,draftkings,,,,,,,,,,
2025-10-14 22:06:13,2025020054,MIN@DAL,LOSS,,UNDER,6.5,-114,5.504413743333688,-0.9955862566663124,0.5863614820547286,2.0,,,,-0.0614035087719297,6.5,0.0,fanduel,,,,,,,,,,
2025-10-14 22:06:13,2025020056,PIT@ANA,LOSS,,UNDER,6.5,-122,6.237037503743366,-0.2629624962566339,0.4978726937591876,2.0,,,,-0.0382262996941896,6.5,0.0,draftkings,,,,,,,,,,
2025-10-14 22:26:10,2025020052,TBL@WSH,WIN,,UNDER,6.5,-110,5.425918453845356,-1.0740815461546438,0.6216632525857669,2.0,,,,-0.0454545454545454,6.5,0.0,,,,,,,,,,,
2025-10-14 22:26:10,2025020052,TBL@WSH,WIN,,UNDER,6.5,-110,5.418646068778156,-1.0813539312218443,0.6227327209780023,2.0,,,,-0.0454545454545454,6.5,0.0,,,,,,,,,,,
2025-10-14 22:26:10,2025020052,TBL@WSH,WIN,,UNDER,6.5,-110,5.423943678446825,-1.0760563215531749,0.6219536607326097,2.0,,,,-0.0454545454545454,6.5,0.0,,,,,,,,,,,
2025-10-14 22:26:10,2025020052,TBL@WSH,WIN,,UNDER,6.5,-110,5.443851527837095,-1.0561484721629055,0.619026035822276,2.0,,,,-0.0454545454545454,6.5,0.0,,,,,,,,,,,
2025-10-14 22:26:10,2025020053,VGK@CGY,WIN,,UNDER,6.5,-120,5.854281109088515,-0.6457188909114846,0.544889332697067,2.0,,,,-0.0389273356401382,6.5,0.0,draftkings,,,,,,,,,,
2025-10-14 22:26:10,2025020054,MIN@DAL,LOSS,,UNDER,6.5,-114,5.686481629917601,-0.8135183700823987,0.5685951384574955,2.0,,,,-0.0614035087719297,6.5,0.0,fanduel,,,,,,,,,,
2025-10-14 22:26:10,2025020056,PIT@ANA,LOSS,,UNDER,6.5,-122,5.999261911639292,-0.5007380883607082,0.5418480382043058,2.0,,,,-0.0382262996941896,6.5,0.0,draftkings,,,,,,,,,,
2025-10-15 14:26:25,2025020059,CHI@STL,LOSS,,UNDER,6.5,-110,6.1752252968975,-0.3247747031025003,0.5181215334177106,2.0,,,,-0.0454545454545454,6.5,0.0,,,,,,,,,,,
2025-10-15 16:33:16,2025020057,OTT@BUF,LOSS,,UNDER,6.5,-135,6.037472511752081,-0.4625274882479191,0.5184721198642922,2.0,,,,-0.0400839854934147,6.5,0.0,draftkings,,,,,,,,,,
2025-10-15 16:33:16,2025020059,CHI@STL,LOSS,,UNDER,6.5,-110,6.41614546566816,-0.0838545343318397,0.4856525678178101,2.0,,,,-0.0454545454545454,6.5,0.0,,,,,,,,,,,
2025-10-15 16:33:16,2025020060,CGY@UTA,WIN,,UNDER,6.5,-135,6.081851722176961,-0.4181482778230387,0.5356516477429863,2.0,,,,-0.0400839854934147,6.5,0.0,draftkings,,,,,,,,,,
2025-10-16 11:05:32,2025020062,NSH@MTL,WIN,,UNDER,6.5,-110,5.691382211855299,-0.8086177881447014,0.5892820276683384,2.0,,,,-0.0454545454545454,6.5,0.0,,,,,,,,,,,
2025-10-16 11:05:32,2025020067,COL@CBJ,WIN,,UNDER,6.5,-112,5.942584238411311,-0.5574157615886888,0.5522082002336307,2.0,,,,-0.0389208314904908,6.5,0.0,fanduel,,,,,,,,,,
2025-10-16 11:05:32,2025020068,VAN@DAL,LOSS,,UNDER,5.5,108,5.041513491969327,-0.4584865080306732,0.5319097805927461,2.0,,,,-0.0350515463917525,5.5,0.0,fanduel,,,,,,,,,,
2025-10-16 11:05:32,2025020069,BOS@VGK,LOSS,,UNDER,6.5,-135,6.174182162220962,-0.3258178377790379,0.5246349761439761,2.0,,,,-0.0400839854934147,6.5,0.0,draftkings,,,,,,,,,,
2025-10-16 11:05:32,2025020070,CAR@ANA,WIN,,UNDER,6.5,-122,6.025389982720861,-0.4746100172791392,0.5450602966586969,2.0,,,,-0.042694902228674,6.5,0.0,draftkings,,,,,,,,,,
2025-10-16 14:23:47,2025020062,NSH@MTL,WIN,,UNDER,6.5,-110,5.574147640657703,-0.9258523593422971,0.6168672333718389,2.0,,,,-0.0454545454545454,6.5,0.0,,,,,,,,,,,
2025-10-16 14:23:47,2025020067,COL@CBJ,WIN,,UNDER,6.5,-110,5.83173824892847,-0.6682617510715296,0.5788539086261378,2.0,,,,-0.0347533632286993,6.5,0.0,fanduel,,,,,,,,,,
2025-10-16 14:23:47,2025020069,BOS@VGK,LOSS,,UNDER,6.5,-135,5.714575898120461,-0.7854241018795394,0.602568960215551,2.0,,,,-0.0400839854934147,6.5,0.0,draftkings,,,,,,,,,,
2025-10-16 14:23:47,2025020070,CAR@ANA,WIN,,UNDER,6.5,-118,5.97885424761493,-0.5211457523850704,0.5622486147016584,2.0,,,,-0.0441916999479077,6.5,0.0,draftkings,,,,,,,,,,
2025-10-16 14:23:47,2025020071,PIT@LAK,WIN,,UNDER,6.5,-130,5.487234412637587,-1.0127655873624128,0.6148985904336205,2.0,,,,-0.0397614314115307,6.5,0.0,draftkings,,,,,,,,,,
2025-10-17 16:11:39,2025020075,SJS@UTA,LOSS,,UNDER,6.5,-122,6.436922116785383,-0.0630778832146168,0.4945849024656661,2.0,,,,-0.0360093200593095,6.5,0.0,fanduel,,,,,,,,,,
2025-10-18 09:44:25,2025020078,EDM@NJD,LOSS,,UNDER,6.5,-130,6.243565316805171,-0.2564346831948292,0.5270590220384552,2.0,,,,-0.0397614314115307,6.5,0.0,draftkings,,,,,,,,,,
2025-10-18 09:44:25,2025020080,NYR@MTL,LOSS,,UNDER,6.5,-110,5.839439081367398,-0.6605609186326022,0.5834893507793043,2.0,,,,-0.0454545454545454,6.5,0.0,,,,,,,,,,,
2025-10-18 09:44:25,2025020081,MIN@PHI,WIN,,UNDER,6.5,-135,6.102079876525632,-0.3979201234743676,0.5436304103148579,2.0,,,,-0.0400839854934147,6.5,0.0,draftkings,,,,,,,,,,
2025-10-18 09:44:25,2025020082,TBL@CBJ,WIN,,UNDER,6.5,-108,5.755966187920942,-0.7440338120790582,0.5962941880508418,2.0,,,,-0.028215463539758,6.5,0.0,draftkings,,,,,,,,,,
2025-10-18 09:44:25,2025020083,DAL@STL,WIN,,UNDER,6.5,-110,5.176402891576625,-1.3235971084233746,0.6809064375132413,2.0,,,,-0.0454545454545454,6.5,0.0,,,,,,,,,,,
2025-10-18 09:44:25,2025020087,CGY@VGK,LOSS,,UNDER,6.5,-130,6.0851865392192686,-0.4148134607807314,0.5538794305069703,2.0,,,,-0.0397614314115307,6.5,0.0,draftkings,,,,,,,,,,
2025-10-18 10:02:40,2025020080,NYR@MTL,LOSS,,UNDER,6.5,-110,6.150357047111571,-0.3496429528884288,0.5114630902197779,2.0,,,,-0.0454545454545454,6.5,0.0,,,,,,,,,,,
2025-10-18 10:02:40,2025020082,TBL@CBJ,WIN,,UNDER,6.5,-108,5.689907362325616,-0.8100926376743844,0.5797056909235949,2.0,,,,-0.028215463539758,6.5,0.0,draftkings,,,,,,,,,,
2025-10-18 10:02:40,2025020083,DAL@STL,WIN,,UNDER,6.5,-110,5.791273316960343,-0.7087266830396572,0.5641812858302526,2.0,,,,-0.0454545454545454,6.5,0.0,,,,,,,,,,,
2025-10-18 10:02:40,2025020087,CGY@VGK,LOSS,,UNDER,6.5,-130,6.269972218782425,-0.2300277812175748,0.5004020355622993,2.0,,,,-0.0397614314115307,6.5,0.0,draftkings,,,,,,,,,,
2025-10-19 09:47:58,2025020089,VAN@WSH,WIN,,OVER,5.5,-125,6.385601904390694,0.8856019043906942,0.6726227404679633,2.0,,,,-0.0393782383419688,5.5,0.0,draftkings,,,,,,,,,,
2025-10-19 09:47:58,2025020090,EDM@DET,WIN,,UNDER,6.5,-130,5.95583679976854,-0.54416320023146,0.5607981398786555,2.0,,,,-0.0356012658227846,6.5,0.0,draftkings,,,,,,,,,,
2025-10-19 09:47:58,2025020091,ANA@CHI,WIN,,UNDER,6.5,-130,6.06139695163976,-0.4386030483602399,0.5417010587211231,2.0,,,,-0.0314836678473043,6.5,0.0,fanduel,,,,,,,,,,
2025-10-20 15:21:19,2025020095,BUF@MTL,WIN,,UNDER,6.5,-110,5.9123404451554205,-0.5876595548445795,0.5702552083696388,2.0,,,,-0.0454545454545454,6.5,0.0,,,,,,,,,,,
2025-10-20 15:21:19,2025020097,CAR@VGK,WIN,,UNDER,6.5,-125,5.918860775405314,-0.5811392245946863,0.5782081009799487,2.0,,,,-0.0415584415584414,6.5,0.0,draftkings,,,,,,,,,,
2025-10-21 15:12:02,2025020100,SJS@NYI,LOSS,,UNDER,6.5,-112,6.171457838910836,-0.3285421610891639,0.5175329134513508,2.0,,,,-0.0453758226532731,6.5,0.0,draftkings,,,,,,,,,,
2025-10-21 15:12:02,2025020101,VAN@PIT,WIN,,UNDER,6.5,-120,5.33717956342999,-1.1628204365700103,0.6421620716102988,2.0,,,,-0.0389273356401382,6.5,0.0,fanduel,,,,,,,,,,
2025-10-21 15:12:02,2025020102,SEA@WSH,WIN,,UNDER,5.5,120,5.349981062044681,-0.1500189379553189,0.4919412629904912,2.0,,,,-0.0364963503649633,5.5,0.0,draftkings,,,,,,,,,,
2025-10-21 15:12:02,2025020105,ANA@NSH,LOSS,,UNDER,6.5,-130,5.649508299629662,-0.8504917003703376,0.5962313751103471,2.0,,,,-0.0356012658227846,6.5,0.0,draftkings,,,,,,,,,,
2025-10-21 15:12:02,2025020106,CBJ@DAL,WIN,,UNDER,6.5,-115,5.363784697154729,-1.1362153028452706,0.6380730813566607,2.0,,,,-0.0449620801733477,6.5,0.0,draftkings,,,,,,,,,,
2025-10-21 15:12:02,2025020104,LAK@STL,WIN,,UNDER,6.5,-110,5.305475608816499,-1.194524391183501,0.6457655943475767,2.0,,,,-0.0454545454545454,6.5,0.0,,,,,,,,,,,
2025-10-22 10:06:07,2025020109,DET@BUF,WIN,,UNDER,6.5,-135,6.019268703037007,-0.4807312969629933,0.5723554765791314,2.0,,,,-0.0400839854934147,6.5,0.0,draftkings,,,,,,,,,,
2025-10-22 10:06:07,2025020110,MTL@CGY,WIN,,UNDER,6.5,-110,5.4058391429129005,-1.0941608570870995,0.660095117773853,2.0,,,,-0.0454545454545454,6.5,0.0,,,,,,,,,,,
2025-10-23 12:56:13,2025020113,CHI@TBL,WIN,,UNDER,6.5,-134,6.41083622050953,-0.0891637794904696,0.4421238119951428,0.1002357691284514,,,,-0.0384054074813732,6.5,0.0,fanduel,,,,,,,,,,
2025-10-23 12:56:13,2025020115,DET@NYI,LOSS,,UNDER,6.5,-135,5.780957384551499,-0.719042615448501,0.572449356408615,2.0,,,,-0.0400839854934147,6.5,0.0,draftkings,,,,,,,,,,
2025-10-23 12:56:13,2025020111,ANA@BOS,LOSS,,UNDER,6.5,-112,5.80768904309215,-0.6923109569078498,0.5667976419173427,2.0,,,,-0.0321822455252214,6.5,0.0,draftkings,,,,,,,,,,
2025-10-23 12:56:13,2025020117,UTA@STL,LOSS,,UNDER,6.5,-110,5.863816105598633,-0.6361838944013671,0.5589848386075659,2.0,,,,-0.0454545454545454,6.5,0.0,,,,,,,,,,,
2025-10-23 12:56:13,2025020122,MTL@EDM,LOSS,,UNDER,6.5,-110,5.93375828171139,-0.5662417182886097,0.5532433421203957,2.0,,,,-0.0454545454545454,6.5,0.0,,,,,,,,,,,
2025-10-23 14:44:27,2025020113,CHI@TBL,WIN,,UNDER,6.5,-134,6.067038791300274,-0.4329612086997256,0.5079173610304574,1.8031934694860272,,,,-0.0384054074813732,6.5,0.0,fanduel,,,,,,,,,,
2025-10-23 14:44:27,2025020111,ANA@BOS,LOSS,,UNDER,6.5,-110,5.989642371805891,-0.5103576281941091,0.535933311335735,2.0,,,,-0.0412642669007899,6.5,0.0,fanduel,,,,,,,,,,
2025-10-23 14:44:27,2025020115,DET@NYI,LOSS,,UNDER,6.5,-135,5.959184377318177,-0.5408156226818228,0.5248812454395894,1.7075859417037174,,,,-0.0400839854934147,6.5,0.0,draftkings,,,,,,,,,,
2025-10-23 14:44:27,2025020116,SJS@NYR,LOSS,,UNDER,6.5,-135,6.361523163159742,-0.1384768368402582,0.465404953404065,1.7075859417037174,,,,-0.0400839854934147,6.5,0.0,draftkings,,,,,,,,,,
2025-10-23 14:44:27,2025020117,UTA@STL,LOSS,,UNDER,6.5,-110,5.726959663140916,-0.7730403368590837,0.5750042979041137,2.0,,,,-0.0454545454545454,6.5,0.0,,,,,,,,,,,
2025-10-23 14:44:27,2025020122,MTL@EDM,LOSS,,UNDER,6.5,-110,5.844249168075296,-0.6557508319247036,0.5622999589431754,2.0,,,,-0.0454545454545454,6.5,0.0,,,,,,,,,,,
2025-10-23 14:48:00,2025020111,ANA@BOS,WIN,,OVER,6.5,-108,7.267494283042132,0.7674942830421321,0.847305247404408,2.0,,,,-0.0412642669007901,6.5,0.0,draftkings,,,,,,,,,,
2025-10-23 14:48:00,2025020112,PHI@OTT,LOSS,,OVER,5.5,-128,8.260136705789844,2.760136705789844,0.95,2.0,,,,-0.036231884057971,5.5,0.0,fanduel,,,,,,,,,,
2025-10-23 14:48:00,2025020114,PIT@FLA,WIN,,OVER,5.5,-132,6.446352937957677,0.9463529379576768,0.8707325925445425,2.0,,,,-0.034986782770953,5.5,0.0,fanduel,,,,,,,,,,
2025-10-23 14:48:00,2025020115,DET@NYI,LOSS,,UNDER,6.5,-135,5.374732513627328,-1.125267486372672,0.9365785519175496,2.0,,,,-0.0400839854934147,6.5,0.0,draftkings,,,,,,,,,,
2025-10-23 14:48:00,2025020116,SJS@NYR,LOSS,,UNDER,6.5,-135,5.783527170664908,-0.7164728293350917,0.876152867059082,2.0,,,,-0.0400839854934147,6.5,0.0,draftkings,,,,,,,,,,
2025-10-23 14:48:00,2025020118,VAN@NSH,LOSS,,OVER,5.5,-130,6.506165719587975,1.0061657195879752,0.8822294468757105,2.0,,,,-0.0397614314115307,5.5,0.0,draftkings,,,,,,,,,,
2025-10-23 14:48:00,2025020120,SEA@WPG,LOSS,,OVER,5.5,-115,6.3402247852985365,0.8402247852985365,0.8077962310750137,2.0,,,,-0.0337078651685393,5.5,0.0,fanduel,,,,,,,,,,
2025-10-23 14:48:00,2025020119,LAK@DAL,LOSS,,OVER,5.5,-120,6.919663417448502,1.4196634174485023,0.9415250128747708,2.0,,,,-0.0434782608695651,5.5,0.0,draftkings,,,,,,,,,,
2025-10-23 14:48:00,2025020122,MTL@EDM,WIN,,OVER,6.5,-110,8.403698239861745,1.903698239861745,0.95,2.0,,,,-0.0454545454545454,6.5,0.0,,,,,,,,,,,
2025-10-24 12:09:53,2025020124,SJS@NJD,WIN,,UNDER,6.5,-120,6.15803104950048,-0.3419689504995205,0.4890903804593043,2.0,,,,-0.0389273356401382,6.5,0.0,draftkings,,,,,,,,,,
2025-10-24 12:09:53,2025020125,WSH@CBJ,WIN,,UNDER,6.5,-132,5.697412985841597,-0.8025870141584033,0.5552400957032576,1.3530806771731023,,,,-0.034986782770953,6.5,0.0,fanduel,,,,,,,,,,
2025-10-24 12:09:53,2025020123,TOR@BUF,LOSS,,UNDER,6.5,-130,6.154045787478505,-0.3459542125214954,0.4880440954625359,1.6237226656833443,,,,-0.0314836678473043,6.5,0.0,draftkings,,,,,,,,,,
2025-10-24 13:54:46,2025020125,WSH@CBJ,WIN,,UNDER,6.5,-135,5.361822967255479,-1.1381770327445206,0.6186845309591614,2.0,,,,-0.0400839854934147,6.5,0.0,draftkings,,,,,,,,,,
2025-10-24 13:54:46,2025020123,TOR@BUF,LOSS,,UNDER,6.5,-125,6.011540939843608,-0.4884590601563925,0.5230936526373778,2.0,,,,-0.0393782383419688,6.5,0.0,draftkings,,,,,,,,,,
2025-10-25 10:17:04,2025020132,BUF@TOR,LOSS,,UNDER,6.5,-115,5.90586061635006,-0.5941393836499396,0.5121345795920141,2.0,,,,-0.0449620801733477,6.5,0.0,draftkings,,,,,,,,,,
2025-10-25 10:17:04,2025020134,CBJ@PIT,LOSS,,UNDER,6.5,-110,5.795967742118575,-0.7040322578814253,0.5915194496884448,2.0,,,,-0.0412642669007899,6.5,0.0,draftkings,,,,,,,,,,
2025-10-25 10:17:04,2025020133,STL@DET,LOSS,,UNDER,6.5,-110,5.4322072047264784,-1.0677927952735216,0.6451901169519884,2.0,,,,-0.0454545454545454,6.5,0.0,,,,,,,,,,,
2025-10-25 10:17:04,2025020136,MTL@VAN,LOSS,,UNDER,6.5,-110,5.315184631478083,-1.1848153685219174,0.6596640247826349,2.0,,,,-0.0454545454545454,6.5,0.0,,,,,,,,,,,
2025-10-26 09:25:43,2025020140,COL@NJD,LOSS,,UNDER,6.5,-130,5.967131693651706,-0.532868306348294,0.5234921434154272,2.0,,,,-0.0397614314115307,6.5,0.0,draftkings,,,,,,,,,,
2025-10-26 09:25:43,2025020141,VGK@TBL,WIN,,UNDER,6.5,-120,5.79260833496653,-0.7073916650334704,0.5499955785161884,2.0,,,,-0.0434782608695651,6.5,0.0,draftkings,,,,,,,,,,
2025-10-26 09:25:43,2025020142,SJS@MIN,LOSS,,UNDER,6.5,-118,5.978051365478439,-0.5219486345215607,0.5202098387350252,2.0,,,,-0.0441916999479077,6.5,0.0,draftkings,,,,,,,,,,
2025-10-26 09:25:43,2025020144,LAK@CHI,LOSS,,OVER,5.5,-130,5.8752579704525685,0.3752579704525685,0.5206942471781142,2.0,,,,-0.0397614314115307,5.5,0.0,draftkings,,,,,,,,,,
2025-10-26 09:25:43,2025020146,NYR@CGY,WIN,,OVER,5.5,-105,6.024738112944619,0.5247381129446191,0.5413697791922036,2.0,,,,-0.0347533632286994,5.5,0.0,draftkings,,,,,,,,,,
2025-10-26 09:25:43,2025020147,EDM@VAN,LOSS,,UNDER,6.5,-130,5.591716178513993,-0.9082838214860072,0.5816120721121497,2.0,,,,-0.0356012658227846,6.5,0.0,draftkings,,,,,,,,,,
2025-10-27 10:30:35,2025020148,STL@PIT,LOSS,,UNDER,6.5,-110,5.480085918715372,-1.019914081284628,0.5873666137730329,2.0,,,,-0.0454545454545454,6.5,0.0,,,,,,,,,,,
2025-10-27 10:30:35,2025020149,BOS@OTT,WIN,,OVER,5.5,-125,5.961347371232095,0.4613473712320948,0.5905105781167137,2.0,,,,-0.0350515463917524,5.5,0.0,draftkings,,,,,,,,,,
2025-10-31 13:57:25,2025020180,DET@ANA,LOSS,,UNDER,6.5,-115,5.957415816131513,-0.5425841838684873,0.5095762379562825,2.0,,,,-0.0427760803142732,6.5,0.0,draftkings,,,,,,,,,,
2025-10-31 14:12:35,2025020180,DET@ANA,LOSS,,UNDER,6.5,-115,5.745164308105112,-0.754835691894888,0.5634479697320577,2.0,,,,-0.0427760803142732,6.5,0.0,draftkings,,,,,,,,,,
2025-10-31 15:00:05,2025020178,COL@VGK,WIN,,UNDER,6.5,-115,6.377499678399121,-0.1225003216008788,0.4629430062960293,2.0,,,,-0.0449620801733477,6.5,0.0,draftkings,,,,,,,,,,
2025-10-31 15:00:05,2025020180,DET@ANA,LOSS,,UNDER,6.5,-115,5.8700492648227325,-0.6299507351772675,0.5671937355652844,2.0,,,,-0.0427760803142732,6.5,0.0,draftkings,,,,,,,,,,
2025-11-01 10:47:51,2025020186,WSH@BUF,LOSS,,UNDER,6.5,-112,6.048045250089813,-0.451954749910187,0.528678488863112,2.0,,,,-0.0411031090813281,6.5,0.0,draftkings,,,,,,,,,,
2025-11-01 10:47:51,2025020187,OTT@MTL,LOSS,,UNDER,6.5,-110,6.03852752685204,-0.4614724731479596,0.5300340363980784,2.0,,,,-0.0454545454545454,6.5,0.0,,,,,,,,,,,
2025-11-01 10:47:51,2025020189,STL@CBJ,WIN,,UNDER,6.5,-110,6.005703457444541,-0.4942965425554586,0.5350816936638871,2.0,,,,-0.0454545454545454,6.5,0.0,,,,,,,,,,,
2025-11-02 10:05:29,2025020197,NJD@ANA,WIN,,UNDER,6.5,-110,5.411354223018701,-1.0886457769812994,0.5983506450138248,2.0,,,,-0.0454545454545454,6.5,0.0,draftkings,,,,,,,,,,
2025-11-02 10:05:29,2025020198,DET@SJS,WIN,,UNDER,6.5,-102,6.235179111461702,-0.2648208885382983,0.476229337889854,2.0,,,,-0.0383082373782108,6.5,0.0,fanduel,,,,,,,,,,
2025-11-03 09:06:33,2025020199,PIT@TOR,LOSS,,UNDER,6.5,-110,6.010260679115121,-0.4897393208848788,0.4974814051645754,2.0,,,,-0.0347533632286993,6.5,0.0,fanduel,,,,,,,,,,
2025-11-03 09:06:33,2025020201,VAN@NSH,WIN,,OVER,5.5,-115,6.026041533461607,0.5260415334616066,0.4620743843733752,2.0,,,,-0.0427760803142732,5.5,0.0,draftkings,,,,,,,,,,
2025-11-03 09:06:33,2025020200,EDM@STL,WIN,,UNDER,6.5,-110,5.670459768580038,-0.829540231419962,0.5468344802432641,2.0,,,,-0.0454545454545454,6.5,0.0,,,,,,,,,,,
2025-11-03 09:06:33,2025020202,CHI@SEA,LOSS,,OVER,5.5,-130,6.099619668530412,0.599619668530412,0.4708567519859474,0.1320216908632038,,,,-0.0397614314115307,5.5,0.0,fanduel,,,,,,,,,,
2025-11-03 15:09:51,2025020199,PIT@TOR,LOSS,,UNDER,6.5,-106,5.993783919648726,-0.5062160803512743,0.4956984282893359,2.0,,,,-0.0369545859305433,6.5,0.0,fanduel,,,,,,,,,,
2025-11-03 15:09:51,2025020200,EDM@STL,WIN,,UNDER,6.5,-110,5.721574980947327,-0.7784250190526727,0.5351115075101298,2.0,,,,-0.0454545454545454,6.5,0.0,,,,,,,,,,,
2025-11-04 11:38:48,2025020203,UTA@BUF,WIN,,UNDER,6.5,-115,5.745712763534434,-0.754287236465566,0.5298439424695014,2.0,,,,-0.0337078651685393,6.5,0.0,draftkings,,,,,,,,,,
2025-11-04 11:38:48,2025020204,PHI@MTL,LOSS,,UNDER,6.5,-110,6.030737785062014,-0.4692622149379861,0.4851049687154456,2.0,,,,-0.0454545454545454,6.5,0.0,,,,,,,,,,,
2025-11-04 11:38:48,2025020208,NSH@MIN,WIN,,UNDER,6.5,-122,6.183331834396805,-0.3166681656031951,0.4808477214168044,2.0,,,,-0.0382262996941896,6.5,0.0,draftkings,,,,,,,,,,
2025-11-04 11:38:48,2025020209,TBL@COL,WIN,,UNDER,6.5,-134,5.624956401347553,-0.8750435986524474,0.575820077996964,1.641522710491884,,,,-0.0384054074813732,6.5,0.0,fanduel,,,,,,,,,,
2025-11-04 11:38:48,2025020211,FLA@ANA,LOSS,,UNDER,6.5,-130,5.591821798390934,-0.9081782016090658,0.5820163431376432,2.0,,,,-0.0356012658227846,6.5,0.0,draftkings,,,,,,,,,,
2025-11-04 11:38:48,2025020210,DET@VGK,WIN,,UNDER,6.5,-134,5.560464540479535,-0.9395354595204656,0.5889218222422608,1.641522710491884,,,,-0.0384054074813732,6.5,0.0,fanduel,,,,,,,,,,
2025-11-04 13:29:33,2025020203,UTA@BUF,WIN,,UNDER,6.5,-115,5.853780662996455,-0.6462193370035454,0.557695000539737,2.0,,,,-0.0244661921708185,6.5,0.0,draftkings,,,,,,,,,,
2025-11-04 13:29:33,2025020208,NSH@MIN,WIN,,UNDER,6.5,-118,6.173513535882149,-0.3264864641178508,0.5130578133506644,2.0,,,,-0.0396475770925111,6.5,0.0,draftkings,,,,,,,,,,
2025-11-04 13:29:33,2025020209,TBL@COL,WIN,,UNDER,6.5,-125,5.8921396357799445,-0.6078603642200555,0.5570392692480474,2.0,,,,-0.0307692307692306,6.5,0.0,draftkings,,,,,,,,,,
2025-11-04 13:29:33,2025020211,FLA@ANA,LOSS,,UNDER,6.5,-130,5.464416875152399,-1.0355831248476015,0.6212632046344512,2.0,,,,-0.0356012658227846,6.5,0.0,draftkings,,,,,,,,,,
2025-11-04 13:29:33,2025020210,DET@VGK,WIN,,UNDER,6.5,-134,5.758256096186468,-0.7417439038135321,0.580345672129441,2.0,,,,-0.0384054074813732,6.5,0.0,fanduel,,,,,,,,,,
2025-11-04 14:02:02,2025020203,UTA@BUF,WIN,,UNDER,6.5,-115,5.9021165493249,-0.5978834506751003,0.5298588540340965,2.0,,,,-0.0244661921708185,6.5,0.0,draftkings,,,,,,,,,,
2025-11-04 14:02:02,2025020204,PHI@MTL,LOSS,,UNDER,6.5,-110,6.044561686420801,-0.455438313579199,0.5060875103435228,2.0,,,,-0.0454545454545454,6.5,0.0,,,,,,,,,,,
2025-11-04 14:02:02,2025020208,NSH@MIN,WIN,,UNDER,6.5,-118,6.052472219934473,-0.4475277800655268,0.5101300789444533,2.0,,,,-0.0396475770925111,6.5,0.0,draftkings,,,,,,,,,,
2025-11-04 14:02:02,2025020209,TBL@COL,WIN,,UNDER,6.5,-125,5.846065458805973,-0.6539345411940269,0.5430869555809975,2.0,,,,-0.0350515463917524,6.5,0.0,draftkings,,,,,,,,,,
2025-11-04 14:02:02,2025020211,FLA@ANA,LOSS,,UNDER,6.5,-130,5.801137347898102,-0.6988626521018979,0.5510175601262727,2.0,,,,-0.0356012658227846,6.5,0.0,draftkings,,,,,,,,,,
2025-11-04 14:02:02,2025020210,DET@VGK,WIN,,UNDER,6.5,-134,5.660501455322734,-0.8394985446772658,0.5739934266814738,1.616373674622464,,,,-0.0384054074813732,6.5,0.0,fanduel,,,,,,,,,,
2025-11-07 13:15:05,2025020227,NYR@DET,LOSS,,OVER,5.5,-130,5.904990029157885,0.4049900291578847,0.5211838480003564,2.0,,,,-0.0356012658227846,5.5,0.0,draftkings,,,,,,,(6.20 G/G),,,6.2
2025-11-07 14:54:03,2025020227,NYR@DET,LOSS,,OVER,5.5,-135,6.282146204869854,0.7821462048698544,0.5546694098362951,2.0,,,,-0.0400839854934147,5.5,0.0,draftkings,,,,,,,(6.20 G/G),,,6.2
2025-11-07 15:34:56,2025020228,MIN@NYI,LOSS,,UNDER,6.5,-105,6.28306917731132,-0.2169308226886803,0.4614457092189236,2.0,,,,-0.0429755671902268,6.5,0.0,draftkings,,,,,,,(6.20 G/G),,,6.2
2025-11-07 15:34:56,2025020230,WPG@SJS,WIN,,UNDER,6.5,-120,6.276600863483125,-0.2233991365168748,0.4752734024289521,2.0,,,,-0.0299657534246575,6.5,0.0,draftkings,,,,,,,(6.20 G/G),,,6.2
2025-11-08 08:39:49,2025020235,UTA@MTL,LOSS,,UNDER,6.5,-110,5.929812763559239,-0.570187236440761,0.5863608681040335,2.0,,,,-0.0454545454545454,6.5,0.0,,,,,,,,(6.20 G/G),,,6.2
2025-11-08 08:39:49,2025020239,SEA@STL,LOSS,,UNDER,6.5,-110,5.937819504631251,-0.5621804953687493,0.5855804650052082,2.0,,,,-0.0454545454545454,6.5,0.0,,,,,,,,(6.20 G/G),,,6.2
2025-11-08 08:39:49,2025020241,CBJ@VAN,LOSS,,UNDER,6.5,-120,5.6149731920674855,-0.8850268079325145,0.6380872756763502,2.0,,,,-0.0389273356401382,6.5,0.0,fanduel,,,,,,,(6.20 G/G),,,6.2
2025-11-08 08:39:49,2025020240,COL@EDM,LOSS,,UNDER,6.5,-118,5.503523846293136,-0.9964761537068636,0.6552268853490486,2.0,,,,-0.0396475770925111,6.5,0.0,draftkings,,,,,,,(6.20 G/G),,,6.2
2025-11-08 12:27:04,2025020238,BUF@CAR,LOSS,,UNDER,6.5,-120,5.805334910817904,-0.694665089182096,0.8732301601738376,2.0,,,,-0.0434782608695651,6.5,0.0,draftkings,,,,,,,(6.20 G/G),,,6.2
2025-11-08 12:27:04,2025020239,SEA@STL,LOSS,,UNDER,6.5,-110,5.60427869021837,-0.8957213097816297,0.9012972514384748,2.0,,,,-0.0454545454545454,6.5,0.0,,,,,,,,(6.20 G/G),,,6.2
2025-11-08 12:27:04,2025020235,UTA@MTL,LOSS,,UNDER,6.5,-110,5.050952173623184,-1.449047826376816,0.95,2.0,,,,-0.0454545454545454,6.5,0.0,,,,,,,,(6.20 G/G),,,6.2
2025-11-08 12:27:04,2025020234,BOS@TOR,LOSS,,UNDER,6.0,114,5.510297615711663,-0.4897023842883374,0.7298503506306379,2.0,,,,0.0699999999999998,6.0,0.0,fanduel,,,,,,,(6.20 G/G),,,6.2
2025-11-08 12:27:04,2025020241,CBJ@VAN,LOSS,,UNDER,6.5,-120,5.116423954854305,-1.3835760451456949,0.95,2.0,,,,-0.0389273356401382,6.5,0.0,fanduel,,,,,,,(6.20 G/G),,,6.2
2025-11-08 12:27:04,2025020240,COL@EDM,LOSS,,UNDER,6.5,-118,5.426490902779139,-1.0735090972208612,0.9332219260618914,2.0,,,,-0.0396475770925111,6.5,0.0,draftkings,,,,,,,(6.20 G/G),,,6.2
2025-11-08 12:27:04,2025020243,FLA@SJS,WIN,,UNDER,6.5,-118,4.918438678203821,-1.5815613217961788,0.95,2.0,,,,-0.0350600403190465,6.5,0.0,draftkings,,,,,,,(6.20 G/G),,,6.2
2025-11-09 08:56:39,2025020244,CHI@DET,WIN,,UNDER,6.5,-134,6.045413040904108,-0.4545869590958924,0.8380569057493958,2.0,,,,-0.0384054074813732,6.5,0.0,fanduel,,,,,,,,,,
2025-11-09 08:56:39,2025020247,UTA@OTT,WIN,,UNDER,6.5,-130,5.881548536240821,-0.6184514637591789,0.6967271413267669,2.0,,,,-0.0397614314115307,6.5,0.0,draftkings,,,,,,,,,,
2025-11-09 08:56:39,2025020250,COL@VAN,WIN,,OVER,6.5,105,7.192517140018122,0.692517140018122,0.5108495622476716,2.0,,,,-0.0415584415584415,6.5,0.0,draftkings,,,,,,,,,,
2025-11-10 14:22:18,2025020252,NYI@NJD,LOSS,,OVER,6.5,106,8.262254776588048,1.7622547765880476,0.7301223297498712,2.0,,,,-0.0393782383419689,6.5,0.0,fanduel,,,,,,,,,,
2025-11-10 14:22:18,2025020255,FLA@VGK,LOSS,,OVER,5.5,-130,7.00792622094408,1.5079262209440802,0.6838475508247741,2.0,,,,-0.0397614314115307,5.5,0.0,fanduel,,,,,,,,,,
2025-11-11 11:49:54,2025020260,CGY@STL,WIN,,UNDER,6.5,-110,6.378717811597824,-0.1212821884021764,0.7879385571179671,2.0,,,,-0.0454545454545454,6.5,0.0,,,,,,,,,,,
2025-11-14 09:53:11,2025020281,PIT@NSH,WIN,,UNDER,6.5,100,5.823020673434148,-0.6769793265658519,0.8722616656714489,2.0,,,,0.0147783251231528,6.5,0.0,BetMGM,,,,,,,,,,
2025-11-14 09:53:11,2025020279,VAN@CAR,WIN,,OVER,6.5,106,6.962092989673613,0.4620929896736125,0.5314394031813353,2.0,,,,-0.0299657534246575,6.5,0.0,LowVig.ag,,,,,,,,,,
2025-11-14 09:53:11,2025020282,NYI@UTA,LOSS,,OVER,6.5,-105,7.307263517883712,0.8072635178837118,0.5121406745060103,2.0,,,,-0.0304683947248749,6.5,0.0,DraftKings,,,,,,,,,,
2025-11-14 10:32:16,2025020280,PHI@STL,WIN,,OVER,6.5,-110,6.951240301190352,0.4512403011903521,0.4494755563046456,2.0,,,,-0.0454545454545454,6.5,0.0,,,,,,,,,,,
2025-11-14 12:03:04,2025020279,VAN@CAR,LOSS,,UNDER,6.5,-120,5.7043661603399,-0.7956338396601002,0.88874027053825,2.0,,,,-0.0299657534246575,6.5,0.0,DraftKings,,,,,,,,,,
2025-11-14 13:28:26,2025020281,PIT@NSH,LOSS,,OVER,6.0,106,6.440830540041356,0.4408305400413557,0.4766985520471463,2.0,,,,0.0199019607843138,6.0,0.0,LowVig.ag,,,,,,,,,,
2025-11-14 13:28:26,2025020280,PHI@STL,LOSS,,UNDER,6.5,-110,5.777731576800542,-0.7222684231994583,0.7460979191404674,2.0,,,,-0.0454545454545454,6.5,0.0,,,,,,,,,,,
2025-11-14 13:48:35,2025020279,VAN@CAR,WIN,,OVER,6.5,106,7.068483757604681,0.5684837576046808,0.4643903710619408,2.0,,,,-0.0299657534246575,6.5,0.0,LowVig.ag,,,,,,,,,,
2025-11-14 13:48:35,2025020282,NYI@UTA,LOSS,,OVER,6.5,-106,7.1498656442204185,0.6498656442204185,0.4713824965643497,2.0,,,,-0.0326891818674372,6.5,0.0,FanDuel,,,,,,,,,,
2025-11-14 14:10:55,2025020282,NYI@UTA,LOSS,,OVER,6.5,-106,7.480855856541753,0.9808558565417532,0.5896913225799202,2.0,,,,-0.0326891818674372,6.5,0.0,FanDuel,,,,,,,,,,
2025-11-14 14:27:32,2025020282,NYI@UTA,LOSS,,OVER,6.5,-106,6.902299306179933,0.4022993061799331,0.4363198784006635,2.0,,,,-0.0326891818674372,6.5,0.0,FanDuel,,,,,,,,,,
2025-11-15 13:12:02,2025020284,ANA@MIN,WIN,,UNDER,6.5,-105,5.705636540313455,-0.7943634596865454,0.8868769793656684,2.0,,,,-0.026060885608856,6.5,0.0,DraftKings,,,,,,,,,,
2025-11-15 13:12:02,2025020291,TOR@CHI,LOSS,,OVER,6.5,102,7.043615618460017,0.5436156184600174,0.514910553845921,2.0,,,,0.024780487804878,6.5,0.0,DraftKings,,,,,,,,,,
2025-11-15 13:12:02,2025020289,EDM@CAR,WIN,,OVER,6.5,104,7.313169745913758,0.8131697459137577,0.8521178182521058,2.0,,,,-0.0244661921708185,6.5,0.0,LowVig.ag,,,,,,,,,,
2025-11-15 13:12:02,2025020285,BOS@MTL,LOSS,,OVER,6.5,-110,6.86572630496115,0.3657263049611501,0.488600965045074,2.0,,,,-0.0454545454545454,6.5,0.0,,,,,,,,,,,
2025-11-15 13:12:02,2025020287,BUF@DET,WIN,,OVER,6.5,100,7.134546434461777,0.634546434461777,0.826568331805374,2.0,,,,-0.0188679245283017,6.5,0.0,BetRivers,,,,,,,,,,
2025-11-15 13:12:02,2025020286,LAK@OTT,LOSS,,OVER,5.5,-108,6.514198538596789,1.0141985385967889,0.5894640620301208,2.0,,,,-0.0304683947248749,5.5,0.0,LowVig.ag,,,,,,,,,,
2025-11-15 13:12:02,2025020288,NJD@WSH,LOSS,,OVER,5.5,-113,7.359728232232159,1.85972823223216,0.95,2.0,,,,-0.0296127562642368,5.5,0.0,LowVig.ag,,,,,,,,,,
2025-11-15 13:12:02,2025020293,PHI@DAL,WIN,,OVER,5.5,102,7.075858857337675,1.5758588573376748,0.95,2.0,,,,0.01,5.5,0.0,Bovada,,,,,,,,,,
2025-11-15 13:12:02,2025020294,WPG@CGY,WIN,,OVER,5.5,-114,6.825976095267484,1.3259760952674835,0.9280830758062474,2.0,,,,-0.0270099936976682,5.5,0.0,LowVig.ag,,,,,,,,,,
2025-11-15 13:12:02,2025020295,SJS@SEA,LOSS,,OVER,6.0,-101,7.390418284209756,1.3904182842097557,0.6391966761545544,2.0,,,,0.0311645970177877,6.0,0.0,LowVig.ag,,,,,,,,,,
2025-11-17 12:32:17,2025020302,EDM@BUF,WIN,,UNDER,6.5,102,6.201442271072354,-0.298557728927646,0.6150231954305362,2.0,,,,-0.0270099936976681,6.5,0.0,DraftKings,,,,,,,,,,
2025-11-17 12:48:27,2025020301,CAR@BOS,WIN,,UNDER,6.5,-105,5.828205984040032,-0.6717940159599678,0.546189596184589,2.0,,,,-0.0023854961832061,6.5,0.0,BetRivers,,,,,,,,,,
2025-11-17 13:25:54,2025020302,EDM@BUF,WIN,,UNDER,6.5,102,6.28963253472563,-0.2103674652743699,0.8020540390109367,2.0,,,,-0.0270099936976681,6.5,0.0,DraftKings,,,,,,,"Corey Syvret, Kendrick Nicholson (6.05 G/G)",,,6.05
2025-11-17 13:25:54,2025020306,UTA@ANA,LOSS,,OVER,6.5,-103,6.895060131667459,0.3950601316674591,0.4410857344388968,2.0,,,,-0.021480718831898,6.5,0.0,Bovada,,,,,,,"Brandon Schrader, Chris Lee (6.10 G/G)",,,6.1
2025-11-20 17:23:06,2025020321,NYI@DET,LOSS,,OVER,6.0,110,7.3688186597105725,1.3688186597105725,0.7688485348368604,2.0,,,,0.024390243902439,6.0,0.0,DraftKings,,,,,,,"Mitch Dunning, Garrett Rank (5.90 G/G)",,,5.9
2025-11-20 17:23:06,2025020324,STL@PHI,WIN,,UNDER,6.5,-110,6.143442639404655,-0.3565573605953451,0.5545476510679429,2.0,,,,-0.0454545454545454,6.5,0.0,,,,,,,,"Jon Mclsaac, Michael Sullivan (6.30 G/G)",,,6.3
2025-11-20 17:23:06,2025020325,SEA@CHI,LOSS,,OVER,5.5,-115,6.870371597326717,1.3703715973267174,0.9208606465237128,2.0,,,,-0.0244661921708185,5.5,0.0,MyBookie.ag,,,,,,,"Justin Kea, Jean Hebert (5.95 G/G)",,,5.95
2025-11-20 17:23:06,2025020327,VGK@UTA,LOSS,,OVER,6.0,100,7.846936941624281,1.846936941624281,0.95,2.0,,,,0.024390243902439,6.0,0.0,Bovada,,,,,,,"Eric Furlatt, Liam Maaskant (2.85 G/G)",,,2.85
2025-11-21 11:03:35,2025020331,CHI@BUF,WIN,,OVER,6.0,106,8.593131746042996,2.593131746042996,0.799606902485169,1.2,FanDuel,2025-11,0.6,0.6666666666666666,0.4854368932038835,0.4950980392156863,0.019901960784313832,,(5.53 G/G),5.533333333333332,,,,6.0,,,0.0
2025-11-21 11:03:35,2025020332,MIN@PIT,LOSS,,OVER,6.0,-103,7.899928794664785,1.8999287946647847,0.6869540989457784,1.2,LowVig.ag,2025-11,0.6,0.6666666666666666,0.5073891625615764,0.5205705918473383,0.025978933446695995,,(5.53 G/G),5.533333333333332,,,,6.0,,,0.0
2025-11-21 11:03:35,2025020333,CAR@WPG,WIN,,OVER,6.0,114,7.70455202801978,1.70455202801978,0.6476362265001143,1.2,DraftKings,2025-11,0.6,0.6666666666666666,0.4672897196261683,0.4976525821596245,0.0649765258215963,,(5.53 G/G),5.533333333333332,,,,6.0,,,0.0
2025-11-21 12:24:04,2025020333,CAR@WPG,LOSS,,UNDER,6.5,102,5.118743012360323,-1.3812569876396772,0.6902848749304106,1.4,BetRivers,2025-11,0.7,0.7634294618783987,0.495049504950495,0.5,0.010000000000000009,0.16188506160625954,(5.53 G/G),5.533333333333332,,,,6.5,,,0.0
2025-11-21 12:53:20,2025020331,CHI@BUF,WIN,,OVER,6.0,105,9.737022770489537,3.7370227704895367,0.8762388072453862,1.2,DraftKings,2025-11,0.6,1.0,0.4878048780487805,0.5,0.02499999999999991,,(5.53 G/G),5.533333333333332,,,,6.0,,,0.0
2025-11-21 12:53:20,2025020332,MIN@PIT,LOSS,,OVER,6.0,-103,7.678200384762153,1.6782003847621532,0.8762388072453862,1.2,LowVig.ag,2025-11,0.6,1.0,0.5073891625615764,0.5205705918473383,0.025978933446695995,,(5.53 G/G),5.533333333333332,,,,6.0,,,0.0
2025-11-21 12:53:20,2025020333,CAR@WPG,WIN,,OVER,6.5,-101,7.31811390571427,0.8181139057142701,0.4600082041168797,0.0,LowVig.ag,2025-11,0.6,0.4307692307692308,0.5024875621890548,0.5037282109525456,0.0024690138758580726,0.13980582524271845,(5.53 G/G),5.533333333333332,,,,6.5,,,0.0
2025-11-21 12:53:20,2025020334,BOS@LAK,LOSS,,OVER,5.5,-114,6.466161066037996,0.966161066037996,0.8133910112307937,1.2,LowVig.ag,2025-11,0.6,1.0,0.5327102803738317,0.5158371040723981,-0.031674208144796434,,(5.53 G/G),5.533333333333332,,,,5.5,,,0.0
2025-11-21 13:24:45,2025020331,CHI@BUF,WIN,,OVER,6.0,105,7.591219392945685,1.5912193929456846,0.8742388072453862,1.2,DraftKings,2025-11,0.6,1.0,0.4878048780487805,0.5,0.02499999999999991,,(5.53 G/G),5.533333333333332,,,,6.0,,,0.0
2025-11-21 13:24:45,2025020332,MIN@PIT,LOSS,,OVER,6.0,-103,7.017224245737975,1.0172242457379754,0.6532314627717077,1.2,LowVig.ag,2025-11,0.6,0.7830112733320316,0.5073891625615764,0.5205705918473383,0.025978933446695995,,(5.53 G/G),5.533333333333332,,,,6.0,,,0.0
2025-11-21 13:24:45,2025020333,CAR@WPG,LOSS,,UNDER,6.5,102,7.002284154909262,0.5022841549092618,0.4532571061574511,0.0,BetRivers,2025-11,0.7,0.5945945945945945,0.495049504950495,0.4962717890474544,0.0024690138758579616,0.1219429577941874,(5.53 G/G),5.533333333333332,,,,6.5,,,0.0
2025-11-21 13:24:45,2025020334,BOS@LAK,LOSS,,OVER,5.5,-114,5.9490103066323625,0.4490103066323625,0.7415903532402406,1.2,LowVig.ag,2025-11,0.6,1.0,0.5327102803738317,0.5158371040723981,-0.031674208144796434,,(5.53 G/G),5.533333333333332,,,,5.5,,,0.0
2025-11-21 14:13:15,2025020331,CHI@BUF,WIN,,OVER,6.0,105,5.464913567818378,-0.5350864321816218,0.3039765195473769,0.0,DraftKings,2025-11,0.6,0.4343434343434343,0.4878048780487805,0.5,0.02499999999999991,,(5.53 G/G),5.533333333333332,,,,6.0,,,0.0
2025-11-21 14:13:15,2025020332,MIN@PIT,WIN,,UNDER,6.0,114,5.101376355263899,-0.8986236447361007,0.5932426867112782,1.2,DraftKings,2025-11,0.6,0.7277629159443462,0.4672897196261683,0.4830917874396135,0.033816425120772875,,(5.53 G/G),5.533333333333332,,,,6.0,,,0.0
2025-11-21 14:13:15,2025020333,CAR@WPG,LOSS,,UNDER,6.5,102,4.833503641322378,-1.6664963586776222,0.6475465943803629,1.4,BetRivers,2025-11,0.7,0.6666666666666667,0.495049504950495,0.4962717890474544,0.0024690138758579616,0.10185604345857854,(5.53 G/G),5.533333333333332,,,,6.5,,,0.0
2025-11-21 14:13:15,2025020334,BOS@LAK,WIN,,UNDER,5.5,102,5.624152945307263,0.1241529453072631,0.336195082374809,0.0,Bovada,2025-11,0.7,0.5416666666666667,0.495049504950495,0.4816782209417484,-0.0270099936976681,,(5.53 G/G),5.533333333333332,,,,5.5,,,0.0
2025-11-21 14:34:17,2025020331,CHI@BUF,WIN,,OVER,6.0,105,7.961509461403844,1.9615094614038444,0.5350679661819902,0.0,DraftKings,2025-11,0.6,0.4657534246575342,0.4878048780487805,0.5,0.02499999999999991,,"Furman South, Peter MacDougall (5.60 G/G)",5.6,,,,6.0,,,0.0
2025-11-21 14:34:17,2025020332,MIN@PIT,LOSS,,OVER,6.0,100,7.67933346637562,1.6793334663756203,0.5007415669277566,0.0,Bovada,2025-11,0.7,0.4657534246575342,0.5,0.5169082125603864,0.033816425120772875,,"Jean Hebert, Kendrick Nicholson (6.15 G/G)",6.15,,,,6.0,,,0.0
2025-11-21 14:34:17,2025020333,CAR@WPG,WIN,,OVER,6.5,-101,7.436839827390249,0.9368398273902488,0.4561620416278961,0.0,LowVig.ag,2025-11,0.6,0.4657534246575342,0.5024875621890548,0.5037282109525456,0.0024690138758580726,0.09507711810690894,"Brandon Blandina, Graham Skilliter (5.95 G/G)",5.95,,,,6.5,,,0.0
2025-11-21 14:34:17,2025020334,BOS@LAK,WIN,,UNDER,5.5,-102,5.543971011367846,0.0439710113678462,0.3022317192245357,0.0,LowVig.ag,2025-11,0.6,0.5342465753424658,0.504950495049505,0.4866238630283574,-0.03629391831639012,,"Eric Furlatt, Cody Beach (5.95 G/G)",5.95,,,,5.5,,,0.0
2025-11-21 15:58:19,2025020331,CHI@BUF,WIN,,OVER,6.0,105,5.650664541020799,-0.3493354589792012,0.2761800832711077,0.0,DraftKings,2025-11,0.6,0.4231738035264483,0.4878048780487805,0.5,0.02499999999999991,,"Furman South, Peter MacDougall (5.60 G/G)",5.6,,,,6.0,,,0.0
2025-11-21 15:58:19,2025020332,MIN@PIT,WIN,,UNDER,6.0,114,5.71276051347159,-0.28723948652841,0.2578637730458064,0.0,DraftKings,2025-11,0.6,0.4183761964735517,0.4672897196261683,0.4794294081526616,0.025978933446695773,,"Jean Hebert, Kendrick Nicholson (6.15 G/G)",6.15,,,,6.0,,,0.0
2025-11-21 15:58:19,2025020333,CAR@WPG,LOSS,,UNDER,6.5,102,4.645409103987285,-1.8545908960127149,0.8642388072453862,1.4,BetRivers,2025-11,0.7,1.0,0.495049504950495,0.4962717890474544,0.0024690138758579616,0.07508133811629265,"Brandon Blandina, Graham Skilliter (5.95 G/G)",5.95,,,,6.5,,,0.0
2025-11-21 15:58:19,2025020334,BOS@LAK,LOSS,,OVER,5.5,-110,5.956875806937707,0.456875806937707,0.4781035116193756,1.2,LowVig.ag,2025-11,0.6,0.6666666666666666,0.5238095238095238,0.5079617834394904,-0.030254777070063743,,"Eric Furlatt, Cody Beach (5.95 G/G)",5.95,,,,5.5,,,0.0
2025-11-22 12:53:42,2025020335,CBJ@DET,LOSS,,UNDER,6.5,-115,-0.8389825134826076,-7.338982513482607,0.9104727911943752,0.4251737812819793,LowVig.ag,2025-11,0.6,1.0,0.5348837209302326,0.5156145438322552,-0.036024983270131594,,"Kyle Rehman, Jon Mclsaac (6.05 G/G)",6.05,,,,6.5,,,0.0
2025-11-22 12:53:42,2025020336,STL@NYI,WIN,,UNDER,6.5,-110,-0.8152950720356897,-7.31529507203569,0.922588878322682,0.5324955016712322,,2025-11,0.7514510891038354,1.0,0.5238095238095238,0.5,-0.045454545454545414,,"TJ Luxmore, Jake Brenk (6.00 G/G)",6.0,,,,6.5,,,0.0
2025-11-22 12:53:42,2025020337,TOR@MTL,LOSS,,UNDER,6.5,-110,-0.8829599142347002,-7.3829599142347,0.922588878322682,0.5324955016712322,,2025-11,0.7514510891038354,1.0,0.5238095238095238,0.5,-0.045454545454545414,,"Chris Lee, Justin Kea (6.00 G/G)",6.0,,,,6.5,,,0.0
2025-11-22 12:53:42,2025020338,EDM@FLA,LOSS,,UNDER,6.0,114,-1.0195405877338777,-7.019540587733878,0.9104727911943752,0.4251737812819793,DraftKings,2025-11,0.6,1.0,0.4672897196261683,0.4806319596459503,0.02855239364233353,,"Frederick L'Ecuyer, Wes McCauley (6.15 G/G)",6.15,,,,6.0,,,0.0
2025-11-22 12:53:42,2025020339,NJD@PHI,LOSS,,UNDER,5.5,-115,-0.8079164218957968,-6.307916421895797,0.922588878322682,0.5324955016712322,BetUS,2025-11,0.7514510891038354,1.0,0.5348837209302326,0.5168539325842697,-0.0337078651685393,,"Jean Hebert, Corey Syvret (5.90 G/G)",5.9,,,,5.5,,,0.0
2025-11-22 12:53:42,2025020340,SEA@PIT,WIN,,UNDER,5.5,106,-0.8599322018240508,-6.3599322018240505,0.9104727911943752,0.4251737812819793,FanDuel,2025-11,0.6,1.0,0.4854368932038835,0.4926108374384236,0.014778325123152802,,"Kendrick Nicholson, Stephen Hiff (6.10 G/G)",6.1,,,,5.5,,,0.0
2025-11-22 12:53:42,2025020341,TBL@WSH,LOSS,,UNDER,6.0,112,-0.8565723564190776,-6.856572356419077,0.9104727911943752,0.4251737812819793,FanDuel,2025-11,0.6,1.0,0.4716981132075471,0.4854368932038835,0.029126213592233108,,"Mitch Dunning, Tom Chmielewski (6.15 G/G)",6.15,,,,6.0,,,0.0
2025-11-22 12:53:42,2025020342,OTT@SJS,WIN,,UNDER,5.5,102,-0.8114234564173629,-6.311423456417363,0.9104727911943752,0.4251737812819793,DraftKings,2025-11,0.6,1.0,0.495049504950495,0.5085158150851581,0.027201946472019345,,"Gord Dwyer, Chris Schlenker (6.05 G/G)",6.05,,,,5.5,,,0.0
2025-11-22 12:53:42,2025020343,COL@NSH,WIN,,UNDER,6.0,-105,-0.8307487705942364,-6.830748770594236,0.922588878322682,0.5324955016712322,BetMGM,2025-11,0.7514510891038354,1.0,0.5121951219512195,0.5298165137614679,0.0344036697247706,,"Kelly Sutherland, Jordan Samuels-Thomas (6.35 G/G)",6.35,,,,6.0,,,0.0
2025-11-22 12:53:42,2025020344,NYR@UTA,WIN,,UNDER,6.0,106,-0.7431962231642152,-6.743196223164215,0.9104727911943752,0.4251737812819793,FanDuel,2025-11,0.6,1.0,0.4854368932038835,0.4975609756097561,0.024975609756097583,,"Cody Beach, Trevor Hanson (6.00 G/G)",6.0,,,,6.0,,,0.0
2025-11-22 12:53:42,2025020345,DAL@CGY,WIN,,UNDER,6.0,110,-0.8206999294459008,-6.820699929445901,0.9104727911943752,0.4251737812819793,DraftKings,2025-11,0.6,1.0,0.4761904761904761,0.5,0.050000000000000044,,"Brandon Blandina, Francois St Laurent (5.75 G/G)",5.75,,,,6.0,,,0.0
2025-11-22 12:53:42,2025020346,VGK@ANA,LOSS,,UNDER,6.0,102,-0.751004370274857,-6.751004370274857,0.922588878322682,0.5324955016712322,BetRivers,2025-11,0.7514510891038354,1.0,0.495049504950495,0.5036855036855037,0.017444717444717428,,"Michael Markovic, Eric Furlatt (5.85 G/G)",5.85,,,,6.0,,,0.0
2025-11-22 13:54:07,2025020335,CBJ@DET,WIN,,OVER,5.5,115,6.017524952128912,0.5175249521289116,0.4337776308059434,1.4,BetMGM,2025-11,0.7,0.5714285714285714,0.4651162790697674,0.451422963689892,-0.02944062806673209,-0.9933774834437087,"Kyle Rehman, Jon Mclsaac (6.05 G/G)",6.05,,,,5.5,,,0.0
2025-11-22 13:54:07,2025020337,TOR@MTL,LOSS,,UNDER,6.5,-110,5.949802335630161,-0.550197664369839,0.4863763901473866,1.4,,2025-11,0.7,0.5877659574468085,0.5238095238095238,0.5,-0.045454545454545414,,"Chris Lee, Justin Kea (6.00 G/G)",6.0,,,,6.5,,,0.0
2025-11-22 13:54:07,2025020339,NJD@PHI,WIN,,OVER,5.5,100,6.842723978942637,1.3427239789426366,0.5687774818488605,1.2,LowVig.ag,2025-11,0.6,0.5714285714285714,0.5,0.4831460674157303,-0.03370786516853941,,"Jean Hebert, Corey Syvret (5.90 G/G)",5.9,,,,5.5,,,0.0
2025-11-22 13:54:07,2025020345,DAL@CGY,LOSS,,OVER,6.0,114,6.862195323118112,0.8621953231181116,0.4991302386104128,1.2,FanDuel,2025-11,0.6,0.5714285714285714,0.4672897196261683,0.4952830188679246,0.05990566037735845,,"Brandon Blandina, Francois St Laurent (5.75 G/G)",5.75,,,,6.0,,,0.0
2025-11-22 19:41:18,2025020336,STL@NYI,WIN,,UNDER,6.5,-110,4.068194923420471,-2.431805076579529,0.9015888328533408,0.5540630793233201,,2025-11,0.7,1.0,0.5238095238095238,0.5,-0.045454545454545414,,"TJ Luxmore, Jake Brenk (6.00 G/G)",6.0,,,,6.5,,,0.0
2025-11-22 19:41:18,2025020336,STL@NYI,WIN,,UNDER,6.5,-110,4.06622800322458,-2.43377199677542,0.9015888328533408,0.5540630793233201,,2025-11,0.7,1.0,0.5238095238095238,0.5,-0.045454545454545414,,"TJ Luxmore, Jake Brenk (6.00 G/G)",6.0,,,,6.5,,,0.0
2025-11-22 19:41:18,2025020340,SEA@PIT,LOSS,,UNDER,4.5,100,5.002879854435453,0.5028798544354531,0.4297480837459314,0.0,MyBookie.ag,2025-11,0.7,0.5909090909090908,0.5,0.5073891625615764,0.014778325123152802,-0.22082276928109923,"Kendrick Nicholson, Stephen Hiff (6.10 G/G)",6.1,,,,4.5,,,0.0
2025-11-22 19:41:18,2025020339,NJD@PHI,WIN,,UNDER,9.5,105,5.37045986704404,-4.12954013295596,0.8815888328533408,0.5540630793233201,Bovada,2025-11,0.7,1.0,0.4878048780487805,0.5340909090909091,0.09488636363636349,0.5152531283225649,"Jean Hebert, Corey Syvret (5.90 G/G)",5.9,,,,9.5,,,0.0
2025-11-22 19:41:18,2025020341,TBL@WSH,WIN,,UNDER,8.5,122,5.156424607199075,-3.3435753928009246,0.8735888328533408,0.4749112108485601,FanDuel,2025-11,0.6,1.0,0.4504504504504505,0.4739336492890995,0.05213270142180082,0.36803794880183205,"Mitch Dunning, Tom Chmielewski (6.15 G/G)",6.15,,,,8.5,,,0.0
2025-11-22 19:41:18,2025020337,TOR@MTL,LOSS,,UNDER,6.5,-110,5.1408422268334775,-1.3591577731665223,0.9015888328533408,0.5540630793233201,,2025-11,0.7,1.0,0.5238095238095238,0.5,-0.045454545454545414,,"Chris Lee, Justin Kea (6.00 G/G)",6.0,,,,6.5,,,0.0
2025-11-22 19:41:18,2025020338,EDM@FLA,LOSS,,UNDER,7.5,105,4.660489640752111,-2.839510359247889,0.8815888328533408,0.5540630793233201,BetMGM,2025-11,0.7,1.0,0.4878048780487805,0.4769828064337216,-0.022185246810870862,0.22082276928109923,"Frederick L'Ecuyer, Wes McCauley (6.15 G/G)",6.15,,,,7.5,,,0.0
2025-11-22 19:41:18,2025020342,OTT@SJS,WIN,,UNDER,5.5,-105,5.372536111959941,-0.1274638880400589,0.5559999999999999,0.0,MyBookie.ag,2025-11,0.7,1.0,0.5121951219512195,0.5,-0.023809523809523836,,"Gord Dwyer, Chris Schlenker (6.05 G/G)",6.05,,,,5.5,,,0.0
2025-11-22 19:41:18,2025020343,COL@NSH,WIN,,UNDER,6.5,-110,5.586470710812336,-0.9135292891876644,0.4913454989587631,0.5540630793233201,BetOnline.ag,2025-11,0.7,0.5909090909090908,0.5238095238095238,0.5202193283070597,-0.006854009595613164,0.07360758976036641,"Kelly Sutherland, Jordan Samuels-Thomas (6.35 G/G)",6.35,,,,6.5,,,0.0
2025-11-22 19:41:18,2025020344,NYR@UTA,WIN,,UNDER,6.0,110,6.719747585052593,0.719747585052593,0.3422433741797144,0.0,DraftKings,2025-11,0.6,0.4508655044606058,0.4761904761904761,0.4878048780487805,0.024390243902439046,-0.07360758976036641,"Cody Beach, Trevor Hanson (6.00 G/G)",6.0,,,,6.0,,,0.0
2025-11-22 19:41:18,2025020345,DAL@CGY,LOSS,,OVER,5.5,100,7.6977102257735055,2.197710225773505,0.8312453667193666,0.5540630793233201,BetMGM,2025-11,0.7,0.75,0.5,0.5121951219512195,0.024390243902439046,,"Brandon Blandina, Francois St Laurent (5.75 G/G)",5.75,,,,5.5,,,0.0
2025-11-22 19:41:18,2025020346,VGK@ANA,WIN,,OVER,6.0,105,7.848844021333774,1.8488440213337736,0.7709154360534068,0.4749112108485601,DraftKings,2025-11,0.6,0.75,0.4878048780487805,0.4963144963144963,0.017444717444717428,,"Michael Markovic, Eric Furlatt (5.85 G/G)",5.85,,,,6.0,,,0.0
2025-11-22 20:55:43,2025020336,STL@NYI,WIN,,UNDER,6.5,-110,3.6359292236790166,-2.8640707763209834,0.817298313686447,0.5920474421150421,,2025-11,0.7,0.5703703703703704,0.5238095238095238,0.5,-0.045454545454545414,,"TJ Luxmore, Jake Brenk (6.00 G/G)",6.0,,,,6.5,,,0.0
2025-11-22 20:55:43,2025020336,STL@NYI,WIN,,UNDER,6.5,-110,3.640198803842087,-2.859801196157913,0.8166578766619864,0.5920474421150421,,2025-11,0.7,0.5703703703703704,0.5238095238095238,0.5,-0.045454545454545414,,"TJ Luxmore, Jake Brenk (6.00 G/G)",6.0,,,,6.5,,,0.0
2025-11-22 20:55:43,2025020340,SEA@PIT,WIN,,OVER,4.5,-102,5.09667261351974,0.5966726135197398,0.6328922929699642,0.5074692360986076,FanDuel,2025-11,0.6,0.8,0.504950495049505,0.4908340971585702,-0.027956003666360973,-0.18672199170124482,"Kendrick Nicholson, Stephen Hiff (6.10 G/G)",6.1,,,,4.5,,,0.0
2025-11-22 20:55:43,2025020339,NJD@PHI,LOSS,,UNDER,8.5,140,6.838164180257908,-1.661835819742092,0.6123909118343515,0.5920474421150421,BetMGM,2025-11,0.7,0.5646551724137931,0.4166666666666667,0.4545454545454545,0.09090909090909094,0.43568464730290457,"Jean Hebert, Corey Syvret (5.90 G/G)",5.9,,,,8.5,,,0.0
2025-11-22 20:55:43,2025020341,TBL@WSH,WIN,,UNDER,8.5,-115,4.321906557535786,-4.178093442464214,0.8979999999999999,0.5074692360986076,DraftKings,2025-11,0.6,0.8,0.5348837209302326,0.5120034919249237,-0.04277608031427321,0.3112033195020747,"Mitch Dunning, Tom Chmielewski (6.15 G/G)",6.15,,,,8.5,,,0.0
2025-11-22 20:55:43,2025020337,TOR@MTL,LOSS,,UNDER,6.5,-110,4.098113914621381,-2.401886085378619,0.7479706100450924,0.5920474421150421,,2025-11,0.7,0.5703703703703704,0.5238095238095238,0.5,-0.045454545454545414,,"Chris Lee, Justin Kea (6.00 G/G)",6.0,,,,6.5,,,0.0
2025-11-22 20:55:43,2025020338,EDM@FLA,WIN,,UNDER,9.5,-125,5.2045243814033775,-4.295475618596623,0.906,0.5920474421150421,MyBookie.ag,2025-11,0.7,0.8,0.5555555555555556,0.5852534562211982,0.05345622119815674,0.43568464730290457,"Frederick L'Ecuyer, Wes McCauley (6.15 G/G)",6.15,,,,9.5,,,0.0
2025-11-22 20:55:43,2025020342,OTT@SJS,WIN,,UNDER,6.5,-102,4.807320528712552,-1.6926794712874482,0.6215896179314168,0.5920474421150421,BetMGM,2025-11,0.7,0.5703703703703704,0.504950495049505,0.5,-0.009803921568627416,0.12448132780082988,"Gord Dwyer, Chris Schlenker (6.05 G/G)",6.05,,,,6.5,,,0.0
2025-11-22 20:55:43,2025020343,COL@NSH,WIN,,UNDER,5.5,115,4.884471059802116,-0.6155289401978843,0.4954448799027204,0.5920474421150421,MyBookie.ag,2025-11,0.7,0.5646551724137931,0.4651162790697674,0.5146726862302483,0.10654627539503381,-0.06224066390041494,"Kelly Sutherland, Jordan Samuels-Thomas (6.35 G/G)",6.35,,,,5.5,,,0.0
2025-11-22 20:55:43,2025020344,NYR@UTA,WIN,,UNDER,6.0,105,6.897484112014286,0.8974841120142862,0.3862898798131118,0.0,DraftKings,2025-11,0.6,0.4085385057471264,0.4878048780487805,0.4963144963144963,0.017444717444717428,-0.06224066390041494,"Cody Beach, Trevor Hanson (6.00 G/G)",6.0,,,,6.0,,,0.0
2025-11-22 20:55:43,2025020345,DAL@CGY,LOSS,,OVER,5.5,100,7.96924696392979,2.4692469639297903,0.8545536899981375,0.5920474421150421,BetMGM,2025-11,0.7,0.6909690555833321,0.5,0.5121951219512195,0.024390243902439046,,"Brandon Blandina, Francois St Laurent (5.75 G/G)",5.75,,,,5.5,,,0.0
2025-11-22 20:55:43,2025020346,VGK@ANA,WIN,,OVER,6.0,105,8.77258519196664,2.77258519196664,0.8192791797369992,0.5074692360986076,DraftKings,2025-11,0.6,0.6,0.4878048780487805,0.4963144963144963,0.017444717444717428,,"Michael Markovic, Eric Furlatt (5.85 G/G)",5.85,,,,6.0,,,0.0
2025-11-23 12:44:18,2025020347,CAR@BUF,WIN,,UNDER,6.5,109,6.030605213353597,-0.4693947866464025,0.7650830856467872,1.2,LowVig.ag,2025-11,0.6,1.0,0.4784688995215311,0.4742079836142218,-0.008905314246276497,,(6.03 G/G),6.029166666666668,,,,6.5,,,0.0
2025-11-23 12:44:18,2025020348,MIN@WPG,LOSS,,OVER,6.0,105,8.081187028798766,2.081187028798766,0.5479999999999999,0.0,LowVig.ag,2025-11,0.6,0.5714285714285714,0.4878048780487805,0.5083932853717027,0.04220623501199039,,(6.03 G/G),6.029166666666668,,,,6.0,,,0.0
2025-11-23 12:44:18,2025020349,SEA@NYI,WIN,,UNDER,6.0,114,7.141321468519072,1.141321468519072,0.4594524800845502,0.0,DraftKings,2025-11,0.6,0.4919754901960783,0.4672897196261683,0.4794294081526616,0.025978933446695773,,(6.03 G/G),6.029166666666668,,,,6.0,,,0.0
2025-11-23 12:44:18,2025020350,COL@CHI,WIN,,UNDER,6.5,-110,7.113643586675388,0.613643586675388,0.5137563218670645,0.0,MyBookie.ag,2025-11,0.7173607174050032,0.6470588235294117,0.5238095238095238,0.5091659028414299,-0.02795600366636103,,(6.03 G/G),6.029166666666668,,,,6.5,,,0.0
2025-11-23 12:44:18,2025020351,BOS@SJS,LOSS,,OVER,6.0,110,7.666854352464457,1.6668543524644566,0.496599163376638,0.0,DraftKings,2025-11,0.6,0.4047619047619047,0.4761904761904761,0.481786133960047,0.011750881316098694,,(6.03 G/G),6.029166666666668,,,,6.0,,,0.0
2025-11-23 12:44:18,2025020352,CGY@VAN,WIN,,OVER,6.0,-104,8.165464992931245,2.165464992931245,0.5479999999999999,0.0,LowVig.ag,2025-11,0.6,0.4736842105263157,0.5098039215686274,0.5217554388597149,0.023443360840210037,,(6.03 G/G),6.029166666666668,,,,6.0,,,0.0
2025-11-23 14:31:58,2025020347,CAR@BUF,LOSS,,OVER,6.5,120,6.729981429868616,0.2299814298686158,0.5279999999999999,0.0,FanDuel,2025-11,0.6,0.0,0.4545454545454545,0.4930875576036865,0.08479262672811061,-0.2786377708978328,(6.03 G/G),6.029166666666668,,,,6.5,,,0.0
2025-11-23 14:31:58,2025020348,MIN@WPG,LOSS,,OVER,6.0,105,8.287169766546322,2.287169766546322,0.922619755095714,1.2,LowVig.ag,2025-11,0.6,1.0,0.4878048780487805,0.5060240963855421,0.037349397590361266,0.2786377708978328,(6.03 G/G),6.029166666666668,,,,6.0,,,0.0
2025-11-23 14:31:58,2025020349,SEA@NYI,LOSS,,OVER,6.0,-103,7.254506341606759,1.254506341606759,0.5379517709363355,0.0,Bovada,2025-11,0.7173607174050032,0.3243243243243243,0.5073891625615764,0.5205705918473383,0.025978933446695995,0.2786377708978328,(6.03 G/G),6.029166666666668,,,,6.0,,,0.0
2025-11-23 14:31:58,2025020350,COL@CHI,LOSS,,OVER,6.5,104,7.2577369504492255,0.7577369504492255,0.5479999999999999,0.0,LowVig.ag,2025-11,0.6,0.3243243243243243,0.4901960784313725,0.4802489177489177,-0.02029220779220775,,(6.03 G/G),6.029166666666668,,,,6.5,,,0.0
2025-11-23 14:31:58,2025020351,BOS@SJS,LOSS,,OVER,6.0,110,7.66863267888392,1.6686326788839203,0.5279999999999999,0.0,DraftKings,2025-11,0.6,0.3243243243243243,0.4761904761904761,0.481786133960047,0.011750881316098694,-0.2786377708978328,(6.03 G/G),6.029166666666668,,,,6.0,,,0.0
2025-11-23 14:31:58,2025020352,CGY@VAN,WIN,,OVER,6.0,-104,8.09573388282012,2.09573388282012,0.568,0.0,LowVig.ag,2025-11,0.6,0.475,0.5098039215686274,0.5217554388597149,0.023443360840210037,0.2786377708978328,(6.03 G/G),6.029166666666668,,,,6.0,,,0.0
2025-11-23 15:28:58,2025020347,CAR@BUF,WIN,,UNDER,5.5,135,2.512702905336162,-2.987297094663838,0.5773888573924002,0.0,MyBookie.ag,2025-11,0.7173607174050032,0.5413793103448277,0.425531914893617,0.5648148148148148,0.3273148148148147,-0.5464480874316939,(6.03 G/G),6.029166666666668,,,,5.5,,,0.0
2025-11-23 15:28:58,2025020348,MIN@WPG,WIN,,UNDER,6.0,110,4.362919986443293,-1.637080013556707,0.4950783088533581,0.0,FanDuel,2025-11,0.6,0.382962643678161,0.4761904761904761,0.4939759036144577,0.03734939759036138,0.18214936247723132,(6.03 G/G),6.029166666666668,,,,6.0,,,0.0
2025-11-23 15:28:58,2025020349,SEA@NYI,WIN,,UNDER,6.0,114,4.444304927869207,-1.555695072130793,0.4659643427127187,0.0,DraftKings,2025-11,0.6,0.437487908496732,0.4672897196261683,0.4818526154288728,0.03116459701778762,0.18214936247723132,(6.03 G/G),6.029166666666668,,,,6.0,,,0.0
2025-11-23 15:28:58,2025020350,COL@CHI,WIN,,UNDER,6.5,-113,4.682772798271294,-1.8172272017287057,0.6604096862114724,1.4347214348100064,MyBookie.ag,2025-11,0.7173607174050032,0.5947712418300654,0.5305164319248826,0.5197510822510822,-0.020292207792207806,,(6.03 G/G),6.029166666666668,,,,6.5,,,0.0
2025-11-23 15:28:58,2025020351,BOS@SJS,LOSS,,OVER,6.0,110,6.428588065159516,0.4285880651595164,0.3138045165937795,0.0,DraftKings,2025-11,0.6,0.4586206896551724,0.4761904761904761,0.481786133960047,0.011750881316098694,-0.18214936247723132,(6.03 G/G),6.029166666666668,,,,6.0,,,0.0
2025-11-23 15:28:58,2025020352,CGY@VAN,WIN,,OVER,6.0,-106,9.309763728677307,3.309763728677307,0.922619755095714,1.2,LowVig.ag,2025-11,0.6,1.0,0.5145631067961165,0.5240735606690694,0.018482580168191487,0.18214936247723132,(6.03 G/G),6.029166666666668,,,,6.0,,,0.0
2025-11-24 13:03:13,2025020353,PHI@TBL,LOSS,,OVER,6.0,102,7.292740026471331,1.2927400264713311,0.8797507582590115,1.4463185222113517,Bovada,2025-11,0.7231592611056757,1.0,0.495049504950495,0.5144230769230769,0.03913461538461527,,"Frederick L'Ecuyer, Wes McCauley (6.15 G/G)",6.15,,,,6.0,,,0.0
2025-11-24 14:02:52,2025020353,PHI@TBL,LOSS,,OVER,6.0,100,7.465907649672744,1.4659076496727437,0.905839754288312,1.4463185222113517,BetRivers,2025-11,0.7231592611056757,1.0,0.5,0.5169082125603864,0.033816425120772875,0.5027932960893855,"Frederick L'Ecuyer, Wes McCauley (6.15 G/G)",6.15,,,,6.0,,,0.0
2025-11-24 14:02:52,2025020359,OTT@LAK,LOSS,,OVER,5.5,105,6.313568334055862,0.8135683340558622,0.8078750043966912,1.4463185222113517,BetOnline.ag,2025-11,0.7231592611056757,1.0,0.4878048780487805,0.4769828064337216,-0.022185246810870862,,"Michael Markovic, Trevor Hanson (5.90 G/G)",5.9,,,,5.5,,,0.0
2025-11-24 16:41:08,2025020355,STL@NYR,WIN,,UNDER,6.5,-110,5.04016110996012,-1.4598388900398804,0.6164434947710381,1.4463185222113517,,2025-11,0.7231592611056757,0.6395348837209303,0.5238095238095238,0.5,-0.045454545454545414,,"TJ Luxmore, Mitch Dunning (6.00 G/G)",6.0,,,,6.5,,,0.0
2025-11-25 21:43:27,2025020360,DAL@EDM,LOSS,,UNDER,7.5,124,5.9712051971830205,-1.5287948028169795,0.8511487266865709,1.2,DraftKings,2025-11,0.6,1.0,0.4464285714285714,0.489749430523918,0.09703872437357652,0.14981689046720675,"Francois St Laurent, Brandon Blandina (5.75 G/G)",5.75,,,,7.5,,,0.0
2025-11-26 15:39:40,2025020367,WPG@WSH,WIN,,OVER,6.5,-106,7.393745908841826,0.8937459088418258,0.8098086856565335,0.7554381328840022,BetRivers,2025-11,0.7130910741300216,1.0,0.5145631067961165,0.5059365501519757,-0.016764817629179307,,"Frederick L'Ecuyer, Wes McCauley (6.15 G/G)",6.15,,,,6.5,,,0.0
2025-11-26 15:39:40,2025020365,BOS@NYI,LOSS,,OVER,6.0,-106,7.72381891295636,1.72381891295636,0.8666995133998577,0.6356311222705833,LowVig.ag,2025-11,0.6,1.0,0.5145631067961165,0.5240735606690694,0.018482580168191487,,"Kelly Sutherland, Liam Maaskant (2.95 G/G)",2.95,,,,6.0,,,0.0
2025-11-26 15:39:40,2025020363,PHI@FLA,WIN,,OVER,5.5,-110,6.71559384869039,1.21559384869039,0.8490385907034161,0.6356311222705833,FanDuel,2025-11,0.6,1.0,0.5238095238095238,0.5116279069767442,-0.023255813953488302,,"Beau Halkidis, Jean Hebert (6.00 G/G)",6.0,,,,5.5,,,0.0
2025-11-26 15:39:40,2025020362,CGY@TBL,WIN,,OVER,5.5,100,6.7666113014573925,1.2666113014573923,0.8657384945488683,0.7554381328840022,BetMGM,2025-11,0.7130910741300216,1.0,0.5,0.5061728395061729,0.012345679012345734,,"TJ Luxmore, Stephen Hiff (5.90 G/G)",5.9,,,,5.5,,,0.0
2025-11-26 15:39:40,2025020364,STL@NJD,WIN,,UNDER,6.5,-110,5.246001879079788,-1.2539981209202118,0.620368256598726,0.7554381328840022,,2025-11,0.7130910741300216,0.6956521739130435,0.5238095238095238,0.5,-0.045454545454545414,,"Francis Charron, Eric Furlatt (5.90 G/G)",5.9,,,,6.5,,,0.0
2025-11-28 12:23:10,2025020376,NYR@BOS,WIN,,OVER,5.5,-105,6.87575148669366,1.3757514866936598,0.882777542637748,1.0033831592163402,Bovada,2025-11,0.7208283309044237,1.0,0.5121951219512195,0.5011698642957417,-0.02152550304164713,,"Pierre Lambert, Jake Brenk (5.95 G/G)",5.95,,,,5.5,,,0.0
2025-11-28 12:23:10,2025020382,OTT@STL,LOSS,,UNDER,6.5,-110,5.48686648505231,-1.0131335149476897,0.606176141308473,1.0033831592163402,,2025-11,0.7208283309044237,0.7142857142857143,0.5238095238095238,0.5,-0.045454545454545414,,"Carter Sandlak, Cody Beach (6.35 G/G)",6.35,,,,6.5,,,0.0
2025-11-28 12:23:10,2025020386,TOR@WSH,WIN,,UNDER,6.5,-112,5.455048920745479,-1.0449510792545214,0.6109487759544977,1.0033831592163402,Bovada,2025-11,0.7208283309044237,0.7142857142857143,0.5283018867924528,0.5137614678899083,-0.027522935779816515,,"Jon Mclsaac, Kelly Sutherland (6.10 G/G)",6.1,,,,6.5,,,0.0
2025-11-28 12:23:10,2025020388,PIT@CBJ,WIN,,OVER,6.0,110,6.932844080696693,0.9328440806966932,0.813037888269898,0.8351917782898973,FanDuel,2025-11,0.6,1.0,0.4761904761904761,0.4902912621359223,0.029611650485436902,,"Brandon Blandina, Furman South (5.55 G/G)",5.55,,,,6.0,,,0.0
2025-11-29 14:48:31,2025020401,VAN@LAK,WIN,,UNDER,6.5,-115,5.250773658761774,-1.2492263412382263,0.63302152548061,1.451878566682426,BetUS,2025-11,0.725939283341213,0.6862745098039216,0.5348837209302326,0.5168539325842697,-0.0337078651685393,,(6.03 G/G),6.030000000000001,,,,6.5,,,0.0
2025-11-30 12:47:40,2025020402,WSH@NYI,LOSS,,OVER,6.0,114,6.839132640996183,0.8391326409961826,0.5318121764556082,1.2,DraftKings,2025-11,0.6,0.65,0.4672897196261683,0.5023255813953489,0.0749767441860465,,(5.58 G/G),5.581818181818182,,,,6.0,,,0.0
2025-12-01 10:25:17,2025020408,WPG@BUF,WIN,,UNDER,6.5,100,5.419390137388976,-1.0806098626110243,0.5777694154355395,2.0,Bovada,2025-12,1.0,0.6229508196721312,0.5,0.5061728395061729,0.012345679012345734,,(5.97 G/G),5.975,,,,6.5,,,0.0
2025-12-01 16:40:02,2025020408,WPG@BUF,WIN,,UNDER,6.5,105,5.314039531664454,-1.185960468335546,0.6516779386068273,0.9163251362223552,BetUS,2025-12,1.0,0.6666666666666667,0.4878048780487805,0.5012165450121655,0.027493917274939217,-0.08008898776418243,"Trevor Hanson, Brandon Blandina (5.75 G/G)",5.75,,,,6.5,,,0.0
2025-12-02 15:51:22,2025020414,TBL@NYI,WIN,,UNDER,6.0,114,4.914841404185439,-1.085158595814561,0.7479623749880996,0.5053637919788473,DraftKings,2025-12,0.7,0.8598,0.4672897196261683,0.4904761904761905,0.04961904761904756,,"Furman South, Trevor Hanson (5.60 G/G)",5.6,,,,6.0,,,0.0
2025-12-04 19:14:27,2025020426,STL@BOS,LOSS,,UNDER,6.5,-110,4.402428053837498,-2.0975719461625024,0.9240235856159154,0.4441214693399852,,2025-12,1.0,1.0,0.5238095238095238,0.5,-0.045454545454545414,,"Furman South, Chris Lee (5.75 G/G)",5.75,,,,6.5,,,0.0
2025-12-04 19:14:27,2025020431,TOR@CAR,WIN,,UNDER,7.0,109,5.584424708377656,-1.4155752916223436,0.8195191776048809,0.3119174161640869,LowVig.ag,2025-12,0.7023245614035087,0.8837166666666667,0.4784688995215311,0.5303370786516854,0.10840449438202249,,"Trevor Hanson, Gord Dwyer (5.85 G/G)",5.85,,,,7.0,,,0.0
2025-12-08 16:59:08,2025020461,TBL@TOR,WIN,,UNDER,6.5,-107,3.567531921193928,-2.932468078806072,0.95,1.0,BetRivers,2025-12,1.0,1.0,0.5169082125603864,0.5022899015342339,-0.02828028394779042,,"Graham Skilliter, Francois St Laurent (6.00 G/G)",6.0,,,,6.5,,,0.0
2025-12-08 16:59:08,2025020463,BUF@CGY,WIN,,OVER,6.0,110,7.1561436119503545,1.1561436119503543,0.5957292341002455,1.0,DraftKings,2025-12,1.0,0.6153846153846154,0.4761904761904761,0.4902912621359223,0.029611650485436902,-0.6941766293868106,"Jake Brenk, Garrett Rank (5.90 G/G)",5.9,,,,6.0,,,0.0
2025-12-09 19:09:55,2025020466,TBL@MTL,LOSS,,UNDER,6.5,-110,4.922163028818449,-1.5778369711815508,0.9486236714546832,0.658920437477653,,2025-12,1.2,1.0,0.5238095238095238,0.5,-0.045454545454545414,,"Francis Charron, Michael Markovic (6.05 G/G)",6.05,,,,6.5,,,0.0
2025-12-09 19:09:55,2025020469,SJS@PHI,WIN,,UNDER,6.0,106,4.441014635184589,-1.5589853648154106,0.8409514761769948,0.5534931674812286,FanDuel,2025-12,0.84,0.8591,0.4854368932038835,0.4913704591013543,0.01222314574878991,,"Jordan Samuels-Thomas, Kendrick Nicholson (6.55 G/G)",6.55,,,,6.0,,,0.0
2025-12-09 20:32:31,2025020466,TBL@MTL,LOSS,,UNDER,6.5,-110,4.713288056800631,-1.7867119431993688,0.8394680610251616,0.5772749190561818,,2025-12,1.2,0.7777777777777778,0.5238095238095238,0.5,-0.045454545454545414,,"Francis Charron, Michael Markovic (6.05 G/G)",6.05,,,,6.5,,,0.0
2025-12-19 11:51:35,2025020544,CAR@FLA,LOSS,PICK,UNDER,6.0,105.0,5.545359796584339,-0.4546402034156607,0.4318068482108906,0.0,0.543174358974359,0.48780487804878053,0.49631449631449637,0.0174447174447174,6.0,0.0,DraftKings,2025-12,0.7742753507248848,,(6.06 G/G),6.065,,,,,
2025-12-19 11:51:35,2025020545,VAN@NYI,WIN,BET,UNDER,5.5,-113.0,3.6400999178918174,-1.8599000821081817,0.7703911081928508,1.248855966228652,0.6923076923076923,0.5305164319248826,0.5172913928296243,-0.0249286135158408,5.5,0.0,BetRivers,2025-12,1.1061076438926927,,(6.06 G/G),6.065,,,,,
2025-12-19 11:51:35,2025020547,NJD@UTA,LOSS,PICK,OVER,5.5,-119.0,6.066633975353904,0.5666339753539038,0.4407330934888065,0.0,0.5333333333333333,0.5433789954337899,0.524502247215407,-0.0347395618472762,5.5,0.0,BetOnline.ag,2025-12,1.1061076438926927,,(6.06 G/G),6.065,,,,,
2025-12-19 11:51:35,2025020546,WPG@COL,LOSS,PICK,OVER,6.0,114.0,7.277314652371709,1.2773146523717092,0.5677273519042225,0.0,0.5588235294117647,0.4672897196261683,0.48063195964595035,0.0285523936423335,6.0,0.0,FanDuel,2025-12,1.1061076438926927,,(6.06 G/G),6.065,,,,,
2025-12-19 11:51:35,2025020548,DAL@ANA,WIN,PICK,OVER,6.5,-104.0,7.033995882143255,0.5339958821432553,0.4562295363699544,0.0,0.5588235294117647,0.5098039215686274,0.49541956760718214,-0.0282154635397579,6.5,0.0,BetRivers,2025-12,1.1061076438926927,,(6.06 G/G),6.065,,,,,
2025-12-19 13:00:48,2025020544,CAR@FLA,LOSS,PICK,UNDER,6.0,105.0,6.08534624071057,0.08534624071057,0.3287013368010785,0.0,0.4785350877192982,0.48780487804878053,0.49631449631449637,0.0174447174447174,6.0,0.0,DraftKings,2025-12,0.6431102803738318,,"Justin Kea, Eric Furlatt (5.80 G/G)",5.8,,,,,
2025-12-19 13:00:48,2025020545,VAN@NYI,WIN,PICK,UNDER,5.5,-119.0,4.3857512260315,-1.1142487739685,0.686875313280996,0.0,0.7333333333333334,0.5433789954337899,0.535308097097267,-0.014853165846206,5.5,0.0,BetOnline.ag,2025-12,0.9187289719626168,,"Jake Brenk, Peter MacDougall (5.95 G/G)",5.95,,,,,
2025-12-19 13:00:48,2025020547,NJD@UTA,LOSS,PICK,OVER,5.5,-119.0,6.884366610289124,1.384366610289124,0.5978691792052802,0.0,0.5714285714285714,0.5433789954337899,0.524502247215407,-0.0347395618472762,5.5,0.0,BetOnline.ag,2025-12,0.9187289719626168,,"Cody Beach, Chris Schlenker (6.20 G/G)",6.2,,,,,
2025-12-19 13:00:48,2025020546,WPG@COL,LOSS,PICK,OVER,6.0,114.0,7.853173140995433,1.853173140995433,0.6681901588112265,0.0,0.5714285714285714,0.4672897196261683,0.48063195964595035,0.0285523936423335,6.0,0.0,DraftKings,2025-12,0.9187289719626168,,"Stephen Hiff, Chris Lee (6.00 G/G)",6.0,,,,,
2025-12-19 13:00:48,2025020548,DAL@ANA,LOSS,PICK,UNDER,6.5,-110.0,6.7052976547651735,0.2052976547651734,0.4550940489092691,0.0,0.6140350877192983,0.5238095238095238,0.5067750677506776,-0.0325203252032518,6.5,0.0,LowVig.ag,2025-12,0.6452459222823413,,"Carter Sandlak, Graham Skilliter (6.35 G/G)",6.35,,,,,
2025-12-19 16:18:44,2025020544,CAR@FLA,LOSS,PICK,UNDER,6.0,105.0,6.716201077526998,0.716201077526998,0.4566058178329715,0.0,0.5195197278911565,0.48780487804878053,0.49631449631449637,0.0174447174447174,6.0,0.0,DraftKings,2025-12,0.6431102803738318,,"Justin Kea, Eric Furlatt (5.80 G/G)",5.8,,,,,
2025-12-19 16:18:44,2025020545,VAN@NYI,WIN,PICK,UNDER,5.5,-122.0,3.863605314285363,-1.6363946857146372,0.7123524100815255,0.0,0.6666666666666667,0.5495495495495495,0.5345716801543041,-0.0272548115224957,5.5,0.0,BetRivers,2025-12,0.9187289719626168,,"Jake Brenk, Peter MacDougall (5.95 G/G)",5.95,,,,,
2025-12-19 16:18:44,2025020547,NJD@UTA,LOSS,PICK,OVER,5.5,-120.0,7.149198601094417,1.649198601094417,0.6492323469819883,0.0,0.5853658536585366,0.5454545454545454,0.5303159692570453,-0.0277540563620836,5.5,0.0,DraftKings,2025-12,0.9187289719626168,,"Cody Beach, Chris Schlenker (6.20 G/G)",6.2,,,,,
2025-12-19 16:18:44,2025020546,WPG@COL,LOSS,PICK,OVER,6.0,114.0,7.579366663523301,1.5793666635233017,0.6387575563463209,0.0,0.5853658536585366,0.4672897196261683,0.48063195964595035,0.0285523936423335,6.0,0.0,DraftKings,2025-12,0.9187289719626168,,"Stephen Hiff, Chris Lee (6.00 G/G)",6.0,,,,,
2025-12-19 16:18:44,2025020548,DAL@ANA,LOSS,PICK,UNDER,6.5,-112.0,6.419776845394336,-0.0802231546056644,0.4517157960614381,0.0,0.6326530612244898,0.5283018867924528,0.5137614678899083,-0.0275229357798165,6.5,0.0,DraftKings,2025-12,0.6431102803738318,,"Carter Sandlak, Graham Skilliter (6.35 G/G)",6.35,,,,,
2025-12-20 13:05:39,2025020549,PHI@NYR,WIN,PICK,OVER,4.5,-106.0,4.261975181974557,-0.2380248180254431,0.4000328273640438,0.0,0.5384615384615384,0.5145631067961165,0.483560743054414,-0.0602498767055728,4.5,0.0,FanDuel,2025-12,0.6431102803738318,,"Wes McCauley, Jake Brenk (6.15 G/G)",6.15,,,,,
2025-12-20 13:05:39,2025020550,DET@WSH,LOSS,PICK,UNDER,5.5,-135.0,4.421574776155709,-1.0784252238442908,0.5876313497753325,0.0,0.6153846153846154,0.574468085106383,0.539576802507837,-0.0607366771159874,5.5,0.0,FanDuel,2025-12,0.6431102803738318,,"Brandon Blandina, Francis Charron (5.90 G/G)",5.9,,,,,
2025-12-20 13:05:39,2025020551,CHI@OTT,WIN,PICK,OVER,5.5,-118.0,6.552938456980511,1.0529384569805114,0.5715006424380732,0.0,0.6,0.5412844036697247,0.5149751839808318,-0.0486051685777854,5.5,0.0,FanDuel,2025-12,0.6431102803738318,,"TJ Luxmore, Beau Halkidis (5.95 G/G)",5.95,,,,,
2025-12-20 13:05:39,2025020552,EDM@MIN,LOSS,PICK,UNDER,6.5,-110.0,5.189210127647974,-1.310789872352026,0.6224860470514927,0.0,0.6153846153846154,0.5238095238095238,0.5,-0.0454545454545454,6.5,0.0,FanDuel,2025-12,0.6431102803738318,,"Kelly Sutherland, Trevor Hanson (5.85 G/G)",5.85,,,,,
2025-12-20 13:05:39,2025020553,NYI@BUF,WIN,PICK,UNDER,6.5,-124.0,4.845629526667491,-1.6543704733325093,0.8217154448908729,0.0,0.8,0.5535714285714286,0.5279042320013488,-0.0463665486427247,6.5,0.0,FanDuel,2025-12,0.6431102803738318,,"Brandon Schrader, Furman South (5.75 G/G)",5.75,,,,,
2025-12-20 13:05:39,2025020554,STL@FLA,LOSS,BET,UNDER,6.5,-110.0,4.9363918046605,-1.5636081953395005,0.8282660876155975,0.4464458978012009,0.8333333333333334,0.5238095238095238,0.5,-0.0454545454545454,6.5,0.0,,2025-12,0.9187289719626168,,"Jon Mclsaac, Michael Markovic (6.15 G/G)",6.15,,,,,
2025-12-20 13:05:39,2025020556,PIT@MTL,WIN,BET,UNDER,6.5,-110.0,4.49762692646201,-2.0023730735379903,0.8940808193453712,0.4464458978012009,0.8333333333333334,0.5238095238095238,0.5,-0.0454545454545454,6.5,0.0,,2025-12,0.9187289719626168,,"Peter MacDougall, Frederick L'Ecuyer (5.95 G/G)",5.95,,,,,
2025-12-20 13:05:39,2025020557,CAR@TBL,WIN,PICK,OVER,5.5,-106.0,7.854138710577073,2.3541387105770726,0.8200140138108907,0.0,0.6666666666666666,0.5145631067961165,0.49133599029630914,-0.0451394905562294,5.5,0.0,FanDuel,2025-12,0.6431102803738318,,"Justin Kea, Garrett Rank (5.80 G/G)",5.8,,,,,
2025-12-20 13:05:39,2025020555,VAN@BOS,LOSS,PICK,UNDER,5.5,102.0,5.191432889453978,-0.3085671105460221,0.4721526327805922,0.0,0.6153846153846154,0.49504950495049505,0.47209576799865116,-0.0463665486427246,5.5,0.0,FanDuel,2025-12,0.6431102803738318,,"Jordan Samuels-Thomas, Brian Pochmara (6.30 G/G)",6.3,,,,,
2025-12-20 13:05:39,2025020558,TOR@NSH,LOSS,PICK,UNDER,5.5,110.0,4.420207053981061,-1.079792946018939,0.5878365081015297,0.0,0.6153846153846154,0.47619047619047616,0.45401629802095456,-0.0465657741559953,5.5,0.0,FanDuel,2025-12,0.6431102803738318,,"Tom Chmielewski, Pierre Lambert (6.00 G/G)",6.0,,,,,
2025-12-20 13:05:39,2025020560,CBJ@ANA,LOSS,PICK,UNDER,6.5,102.0,7.287992775207577,0.7879927752075773,0.5244860628994057,0.0,0.5909090909090908,0.49504950495049505,0.47209576799865116,-0.0463665486427246,6.5,0.0,FanDuel,2025-12,0.6431102803738318,,"Graham Skilliter, Carter Sandlak (6.35 G/G)",6.35,,,,,
2025-12-20 13:05:39,2025020559,VGK@CGY,LOSS,PICK,UNDER,5.5,-110.0,5.055816188022377,-0.4441838119776227,0.4924951379953322,0.0,0.6153846153846154,0.5238095238095238,0.5,-0.0454545454545454,5.5,0.0,FanDuel,2025-12,0.6431102803738318,,"Corey Syvret, Kendrick Nicholson (6.05 G/G)",6.05,,,,,
2025-12-20 13:05:39,2025020561,SEA@SJS,WIN,PICK,UNDER,6.5,-124.0,5.706872793225819,-0.793127206774181,0.544836647214816,0.0,0.6153846153846154,0.5535714285714286,0.5279042320013488,-0.0463665486427247,6.5,0.0,FanDuel,2025-12,0.6431102803738318,,"Cody Beach, Francois St Laurent (6.00 G/G)",6.0,,,,,
2025-12-21 17:15:09,2025020562,WSH@DET,WIN,PICK,UNDER,6.5,-110,5.986698855519952,-0.5133011444800477,0.5110625758037375,0.0,0.6111111111111112,0.5238095238095238,0.5,-0.045454545454545414,6.5,0.0,,2025-12,0.9187289719626168,,"Brandon Blandina, Francis Charron (5.90 G/G)",5.9,,,,,
2025-12-21 17:15:09,2025020563,COL@MIN,WIN,PICK,UNDER,6.5,-130,6.24074413743897,-0.25925586256103017,0.4640668946269959,0.0,0.6,0.5652173913043479,0.5379670550421857,-0.048212133386902334,6.5,0.0,FanDuel,2025-12,0.6431102803738318,,(6.02 G/G),6.015384615384615,,,,,
2025-12-21 17:15:09,2025020568,TOR@DAL,WIN,BET,UNDER,6.5,-140,4.248056092517452,-2.2519439074825476,0.9166273376727478,0.4515613953224391,0.955591677545121,0.5833333333333333,0.5552260934025204,-0.048183839881393575,6.5,0.0,FanDuel,2025-12,0.6431102803738318,,(6.02 G/G),6.015384615384615,,,,,
2025-12-21 17:15:09,2025020567,NYR@NSH,WIN,PICK,UNDER,5.5,116,5.654855571169854,0.15485557116985404,0.44840685091831944,0.0,0.6,0.4629629629629629,0.44102638868639743,-0.04738300043738153,5.5,0.0,FanDuel,2025-12,0.6431102803738318,,(6.02 G/G),6.015384615384615,,,,,
2025-12-21 17:15:09,2025020569,WPG@UTA,WIN,BET,OVER,5.5,-128,6.324608064285536,0.8246080642855356,0.7260328330298639,0.4515613953224391,0.8571428571428571,0.5614035087719298,0.5338567222767419,-0.04906771344455357,5.5,0.0,FanDuel,2025-12,0.6431102803738318,,(6.02 G/G),6.015384615384615,,,,,
2025-12-21 17:15:09,2025020565,BUF@NJD,WIN,BET,UNDER,6.5,-110,5.331690171672129,-1.168309828327871,0.720445240493357,0.4515613953224391,0.7857142857142857,0.5238095238095238,0.5,-0.045454545454545414,6.5,0.0,FanDuel,2025-12,0.6431102803738318,,(6.02 G/G),6.015384615384615,,,,,
2025-12-21 17:15:09,2025020564,OTT@BOS,LOSS,BET,UNDER,6.5,-140,5.121598968817648,-1.378401031182352,0.7519589209215292,0.4515613953224391,0.7857142857142857,0.5833333333333333,0.5552260934025204,-0.048183839881393575,6.5,0.0,FanDuel,2025-12,0.6431102803738318,,(6.02 G/G),6.015384615384615,,,,,
2025-12-21 17:15:09,2025020566,MTL@PIT,LOSS,PICK,UNDER,6.5,-110,5.796355594798674,-0.7036444052013264,0.5396140649119292,0.0,0.6111111111111112,0.5238095238095238,0.5,-0.045454545454545414,6.5,0.0,,2025-12,0.9187289719626168,,"Peter MacDougall, Frederick L'Ecuyer (5.95 G/G)",5.95,,,,,
2025-12-21 17:15:09,2025020570,VGK@EDM,LOSS,BET,UNDER,6.5,-132,5.083573938685232,-1.416426061314768,0.7576626754413915,0.4515613953224391,0.7857142857142857,0.5689655172413793,0.542008843967151,-0.04737839545167405,6.5,0.0,FanDuel,2025-12,0.6431102803738318,,(6.02 G/G),6.015384615384615,,,,,
